tsne-1,tsne-2,tsne-3,label,image_name
-0.7872625,-11.462057,-10.793794,3,image_8192.png
16.614265,-17.267645,8.150105,0,image_8193.png
-13.2736,-0.31207266,-16.80923,1,image_8194.png
1.0933331,-22.25409,-8.654311,3,image_8195.png
-12.733565,4.490234,-12.597194,7,image_8196.png
-8.149903,-9.054153,0.090068236,8,image_8197.png
-20.305157,13.137689,-2.251526,7,image_8198.png
-7.163612,21.163912,9.116108,9,image_8199.png
7.690688,18.15947,-12.097756,3,image_8200.png
1.49276,-16.903303,16.201849,2,image_8201.png
-8.421039,11.565885,-2.3996978,2,image_8202.png
-21.200626,-2.2521071,7.855437,1,image_8203.png
-9.912948,-17.702887,5.9574165,2,image_8204.png
-20.24047,7.517407,6.114983,7,image_8205.png
20.441496,7.219999,-4.514537,6,image_8206.png
5.5439963,14.857126,11.903951,4,image_8207.png
-1.7630084,9.929345,-2.0867658,4,image_8208.png
4.5535617,-4.711404,11.310049,5,image_8209.png
-0.8395193,0.47580633,-10.841774,8,image_8210.png
1.466412,-16.945538,16.15876,2,image_8211.png
-10.885076,-16.10943,7.141343,2,image_8212.png
-6.6945953,-10.55314,1.5841445,8,image_8213.png
1.0287089,17.929174,-5.245017,7,image_8214.png
0.34115803,12.170202,12.603503,4,image_8215.png
12.129675,21.162762,-8.210659,9,image_8216.png
-16.856855,11.155467,5.165201,7,image_8217.png
-20.475073,-9.724588,-12.796065,1,image_8218.png
-20.663132,-1.7563792,13.418056,1,image_8219.png
-8.507571,20.046026,6.376175,9,image_8220.png
-7.0105243,-5.062555,7.9925203,8,image_8221.png
-17.340664,-1.2864609,-14.347617,1,image_8222.png
12.1992,-12.247168,10.511832,0,image_8223.png
22.500648,6.739906,-9.368038,6,image_8224.png
26.537825,7.8645525,4.929383,6,image_8225.png
0.5794387,-5.16348,-15.928719,2,image_8226.png
-0.65919083,-20.582323,-4.4840984,3,image_8227.png
-11.091118,13.670546,-13.160273,3,image_8228.png
-3.2877953,-16.408312,17.971151,2,image_8229.png
1.2250433,-11.052533,-10.170173,3,image_8230.png
-6.81333,21.084959,8.495229,9,image_8231.png
-16.954744,11.035294,-1.7799773,7,image_8232.png
22.867456,-20.48629,5.0812764,0,image_8233.png
4.662877,-4.358268,-9.522008,8,image_8234.png
3.2618072,14.152681,13.478364,4,image_8235.png
-1.5698066,-9.563597,-9.974362,3,image_8236.png
-14.23764,8.605405,3.4960625,7,image_8237.png
-2.7476635,13.719321,-7.3379283,9,image_8238.png
-1.146704,13.073251,14.291738,4,image_8239.png
9.3176155,19.797989,-0.46925956,4,image_8240.png
0.5594184,-23.733418,-7.116781,3,image_8241.png
-6.2944307,-7.0047774,-6.274293,8,image_8242.png
-0.3865365,12.283689,12.373599,4,image_8243.png
-1.7390916,19.532623,-2.3058884,9,image_8244.png
5.6596065,-3.7518413,8.754278,5,image_8245.png
3.5032387,-12.889922,-7.766525,3,image_8246.png
13.228325,-18.271883,9.526213,0,image_8247.png
-16.658867,5.946206,0.63111633,7,image_8248.png
23.49259,-19.62756,6.164912,0,image_8249.png
17.652912,-15.987265,2.6394358,0,image_8250.png
-2.4214356,-16.674618,16.11743,2,image_8251.png
4.5665913,3.9815571,4.629022,5,image_8252.png
21.305157,-19.236155,5.80347,0,image_8253.png
-17.088947,-13.475628,-4.6340303,3,image_8254.png
-25.573723,-3.3057666,8.662076,1,image_8255.png
-17.154797,6.327074,-0.4823236,7,image_8256.png
-3.1990983,-12.672061,17.36078,2,image_8257.png
-25.826872,-3.3947456,6.269896,1,image_8258.png
7.8109264,-12.183909,-18.05745,3,image_8259.png
11.883612,-0.4335657,-2.8953385,5,image_8260.png
0.54306185,14.108113,11.661913,4,image_8261.png
8.274283,-11.711312,5.4560704,0,image_8262.png
2.8128633,-1.0027901,15.160628,5,image_8263.png
-1.2333125,-13.752889,-3.2861216,3,image_8264.png
27.183748,0.9941809,6.894277,6,image_8265.png
7.7905445,16.929785,-1.7245955,4,image_8266.png
-20.569962,18.001093,4.7473245,7,image_8267.png
-1.7437639,22.39101,0.7025856,7,image_8268.png
-5.6993713,-5.365372,2.953732,8,image_8269.png
4.168891,13.653932,12.931036,4,image_8270.png
-8.551285,16.264252,5.9923625,9,image_8271.png
14.637461,-18.127651,7.8335013,0,image_8272.png
21.518675,-18.2466,7.667865,0,image_8273.png
24.996338,-11.954674,6.611037,0,image_8274.png
-23.569944,-3.6897502,13.66163,1,image_8275.png
8.707631,21.608692,-11.703868,9,image_8276.png
-2.6548436,-14.571071,19.14667,2,image_8277.png
3.9341702,22.315712,-8.069939,4,image_8278.png
0.7524232,-20.551794,-8.662554,3,image_8279.png
-16.440632,14.845514,-9.832431,7,image_8280.png
-1.5520688,13.565386,14.942422,4,image_8281.png
22.27232,6.521107,-9.769456,6,image_8282.png
-17.160465,9.230307,11.703103,7,image_8283.png
11.392235,-14.86688,-0.7042885,0,image_8284.png
-2.1810741,-1.4410369,2.9784007,8,image_8285.png
-18.190601,8.829246,2.160219,7,image_8286.png
-13.541916,9.802889,10.966847,9,image_8287.png
19.488295,-17.543228,2.1006463,0,image_8288.png
22.26675,-15.029621,12.90284,0,image_8289.png
21.371857,4.7426834,2.3497777,6,image_8290.png
-23.304632,-3.6722143,10.251461,1,image_8291.png
-8.344371,-24.687267,7.909034,2,image_8292.png
-2.6603038,-13.501533,21.882719,2,image_8293.png
15.781946,-15.999222,1.3668013,0,image_8294.png
4.7580895,-19.765753,-0.93783516,3,image_8295.png
-21.24452,-4.881391,-14.362535,1,image_8296.png
-22.20537,-1.0243918,15.201795,7,image_8297.png
1.897043,11.373794,-4.0111947,4,image_8298.png
-7.0423427,-5.1777015,7.5748916,8,image_8299.png
-6.6848946,6.108738,4.4173746,8,image_8300.png
-13.736157,11.544741,12.050188,9,image_8301.png
-19.101631,10.012058,-3.339742,7,image_8302.png
-9.646166,-1.1476374,0.4055211,8,image_8303.png
16.042261,-15.4026165,1.0496354,0,image_8304.png
21.979586,9.670752,3.814758,6,image_8305.png
-2.5858457,4.4394073,-3.6817844,8,image_8306.png
3.0964723,-3.501439,14.944746,5,image_8307.png
6.670014,17.52617,-9.121832,9,image_8308.png
17.124615,-15.510142,11.704042,0,image_8309.png
-4.068396,0.49041042,2.77091,8,image_8310.png
21.109985,5.450371,11.110846,6,image_8311.png
16.671476,2.9470806,0.8728573,6,image_8312.png
-6.2645917,-2.3133366,4.5687137,8,image_8313.png
20.78237,-11.653489,-4.5697846,6,image_8314.png
-11.772628,11.668705,9.143189,9,image_8315.png
-2.602936,13.93748,-7.159677,9,image_8316.png
1.6544465,16.192047,12.448776,4,image_8317.png
9.246969,20.813206,-10.823039,9,image_8318.png
-21.097685,-4.897579,9.010078,1,image_8319.png
9.479321,-7.124301,-11.941978,5,image_8320.png
-12.471864,10.920708,10.507862,9,image_8321.png
-4.0079494,20.603802,-3.1814601,9,image_8322.png
21.410975,-15.002645,11.860422,0,image_8323.png
0.3531418,-0.44354784,-10.690009,8,image_8324.png
-1.3472193,13.138087,14.797032,4,image_8325.png
23.42204,11.662507,-10.963763,6,image_8326.png
-0.41121083,4.0727262,-9.219382,8,image_8327.png
17.51394,6.2175674,0.22414279,6,image_8328.png
-11.913161,14.524095,9.660556,9,image_8329.png
-21.922136,-1.9329251,-10.270379,1,image_8330.png
-22.402277,-4.7919545,12.07549,1,image_8331.png
-17.613127,-5.1754208,-13.24377,1,image_8332.png
1.1858928,16.417543,12.924064,4,image_8333.png
-2.937552,-17.275879,7.3380594,2,image_8334.png
13.455077,-14.915055,7.5567856,0,image_8335.png
21.133558,2.105622,0.6317101,6,image_8336.png
1.4551204,2.2015698,15.936131,5,image_8337.png
5.4523444,-7.9267335,-18.620134,3,image_8338.png
3.148344,-3.704794,15.093133,5,image_8339.png
-4.5156426,-5.6963506,-6.7333107,8,image_8340.png
-1.4128927,17.388618,12.196595,4,image_8341.png
-10.996672,-15.750821,6.796521,2,image_8342.png
12.036795,-14.803327,9.719701,0,image_8343.png
1.1299248,9.32774,-0.55643916,4,image_8344.png
-19.427658,18.158674,4.18467,7,image_8345.png
6.291749,20.584887,-4.2066784,4,image_8346.png
20.968992,-14.167234,11.7854595,6,image_8347.png
-16.457888,-5.620517,-15.092208,1,image_8348.png
15.844267,-14.759016,13.24442,0,image_8349.png
7.346242,-13.66626,-13.258777,3,image_8350.png
-22.726278,-2.3165355,13.242604,1,image_8351.png
20.221123,2.3867726,-2.5514307,6,image_8352.png
-21.247437,17.66998,5.5222235,7,image_8353.png
19.042307,-12.686143,-0.6222909,0,image_8354.png
11.6438,-16.053198,10.445061,0,image_8355.png
3.1961122,21.65721,-9.44732,9,image_8356.png
26.736267,4.2393503,7.14302,6,image_8357.png
-0.41295367,25.020313,-2.0731192,9,image_8358.png
-4.517185,-4.400445,3.735582,8,image_8359.png
4.6576695,-11.26511,-18.400417,3,image_8360.png
-20.601315,16.814535,4.3301644,7,image_8361.png
-14.044663,9.897144,-2.285436,7,image_8362.png
-10.487508,20.46182,8.24727,9,image_8363.png
-17.186611,17.51743,-8.593085,7,image_8364.png
-3.28846,-4.6949954,7.1124067,8,image_8365.png
-6.2380877,-3.6033518,-8.819484,8,image_8366.png
24.345768,8.508962,6.918708,6,image_8367.png
11.949587,-13.289327,8.982066,0,image_8368.png
15.045594,-13.458595,7.5513554,0,image_8369.png
1.6908015,12.032773,7.59178,4,image_8370.png
-2.4775717,-1.366318,-2.6918592,8,image_8371.png
-10.582045,-24.860596,11.447716,2,image_8372.png
-19.903522,-7.912331,2.510129,1,image_8373.png
1.3704231,-15.622095,9.411794,2,image_8374.png
-19.449083,18.254831,4.2445545,7,image_8375.png
23.019865,11.537669,-8.690095,6,image_8376.png
-17.100584,16.086308,6.3618135,7,image_8377.png
-0.39557034,-2.263537,-8.610472,8,image_8378.png
-24.962957,-2.5507503,5.9495916,1,image_8379.png
6.3055463,19.436905,2.1602876,4,image_8380.png
1.2640135,-20.959436,-6.601694,3,image_8381.png
-12.439922,-0.20685606,-21.23881,1,image_8382.png
-23.222029,-5.8291707,13.404388,1,image_8383.png
23.251043,7.6460743,4.493984,6,image_8384.png
11.67966,-11.410533,10.7694,0,image_8385.png
-2.152124,3.8775804,-4.4592566,8,image_8386.png
12.673639,-11.221856,4.510969,0,image_8387.png
-25.012997,-5.156851,7.0977383,1,image_8388.png
-21.349615,17.71596,5.6122565,7,image_8389.png
-13.978091,-18.46366,5.895043,2,image_8390.png
-3.350576,-4.7452955,0.86123013,8,image_8391.png
11.328526,1.5654904,1.5461367,5,image_8392.png
-7.791908,12.823374,4.9675083,9,image_8393.png
-20.989279,-2.738015,-10.329237,1,image_8394.png
2.1640682,-19.889948,-9.909745,3,image_8395.png
-11.543131,14.411802,-12.724901,7,image_8396.png
-4.9161987,-4.4404764,-1.9450285,8,image_8397.png
20.285551,6.233067,-5.360474,6,image_8398.png
0.76474684,16.415361,9.764278,4,image_8399.png
3.0872438,15.648074,4.5057755,4,image_8400.png
-16.598831,14.568984,4.6064005,7,image_8401.png
-18.3162,-0.4451296,-6.581377,1,image_8402.png
-7.056477,-17.14848,16.99667,2,image_8403.png
-2.2374647,17.488485,-0.08849229,9,image_8404.png
6.5193596,-5.17153,16.035324,3,image_8405.png
-1.8648001,-11.6198225,-11.7321205,3,image_8406.png
26.60097,10.998211,1.502396,6,image_8407.png
-4.090123,19.113483,-7.2277856,9,image_8408.png
-13.476784,15.056102,10.210569,9,image_8409.png
17.670504,3.827109,8.831996,6,image_8410.png
-2.6797736,-14.660841,19.188078,2,image_8411.png
7.053879,16.328331,12.10999,4,image_8412.png
-1.7063228,-14.316645,20.876219,2,image_8413.png
9.888347,1.0970709,-10.351387,5,image_8414.png
-20.15958,-0.061780334,10.696271,4,image_8415.png
-5.8205414,16.86484,-3.1452546,9,image_8416.png
29.285767,7.1863885,2.4800277,6,image_8417.png
-21.6816,-4.99794,-4.3443675,1,image_8418.png
3.8030627,-4.1918945,15.314984,5,image_8419.png
18.210617,4.274423,1.6233904,6,image_8420.png
6.2348437,0.748868,12.115998,5,image_8421.png
-13.626887,-0.16899273,-20.329811,1,image_8422.png
-22.764624,-3.4066834,7.7892566,1,image_8423.png
5.3583035,17.342056,-7.2168403,9,image_8424.png
3.643111,-19.052082,-16.985325,3,image_8425.png
12.381572,-3.408405,-4.5780897,5,image_8426.png
6.6834,-5.233259,16.121202,3,image_8427.png
-24.655392,-2.331631,-8.264125,2,image_8428.png
-18.625881,17.758112,5.3432293,7,image_8429.png
-22.573713,-2.4660697,1.5822928,1,image_8430.png
-4.733727,-5.425516,0.39033997,8,image_8431.png
-6.737634,-2.0586033,-7.9819384,8,image_8432.png
-1.241023,-17.707182,19.106976,2,image_8433.png
5.3154473,-1.469809,1.2572409,5,image_8434.png
4.060984,-4.6526093,15.1258335,5,image_8435.png
-15.354811,15.533286,-7.886327,7,image_8436.png
-20.44459,16.28254,4.9024706,7,image_8437.png
-0.37172326,15.016192,-0.54315346,4,image_8438.png
-9.905562,11.753015,12.221423,9,image_8439.png
5.4305987,15.333589,-6.322159,9,image_8440.png
-6.4005566,-5.10089,2.5281057,8,image_8441.png
3.7906654,20.016272,-11.145906,9,image_8442.png
-7.325664,-11.6969,17.850304,2,image_8443.png
-12.591851,16.044989,-9.75425,7,image_8444.png
-23.414667,-3.1964023,13.887928,1,image_8445.png
-11.855117,-11.283704,9.322867,2,image_8446.png
6.39526,-13.6568365,-3.2122943,3,image_8447.png
4.7773223,16.313894,-7.0746117,9,image_8448.png
24.72566,8.491491,9.9388075,0,image_8449.png
-4.109757,-15.007367,-6.3688874,3,image_8450.png
-17.697723,-11.225661,-4.806787,1,image_8451.png
-13.33395,-4.4864826,-15.015035,1,image_8452.png
-11.138996,-16.09693,14.241375,2,image_8453.png
18.95874,9.457886,5.0329814,6,image_8454.png
10.305522,-16.913742,-11.64643,3,image_8455.png
-16.855965,-6.2075624,-7.0342727,1,image_8456.png
5.6401005,22.551815,2.4809163,4,image_8457.png
-9.117406,-3.7130582,-18.851192,4,image_8458.png
0.6685288,-0.37824,11.556239,5,image_8459.png
-0.090506285,-19.192364,17.330473,2,image_8460.png
27.996458,7.752857,-2.1035912,6,image_8461.png
24.805557,11.085378,-10.183561,6,image_8462.png
-16.36814,21.860107,-1.8440361,7,image_8463.png
-13.0469885,-6.072764,-10.70321,1,image_8464.png
-1.082617,2.7978623,0.11204884,8,image_8465.png
12.506449,19.636444,1.2380259,4,image_8466.png
-7.752622,23.960533,-3.633921,9,image_8467.png
3.1820214,22.785702,0.1896134,9,image_8468.png
23.425991,-12.464211,10.248761,0,image_8469.png
-12.091893,-13.452839,6.861526,2,image_8470.png
-18.316267,-11.327663,-3.1175663,1,image_8471.png
23.198826,-16.524412,3.4722793,0,image_8472.png
-1.9365072,-21.527348,11.663182,2,image_8473.png
0.10989816,-16.361814,8.087664,2,image_8474.png
10.328965,-16.849543,-11.682023,3,image_8475.png
-17.265366,11.22437,-6.847887,7,image_8476.png
9.938206,19.036316,3.600835,4,image_8477.png
18.700035,5.6805396,-4.376294,6,image_8478.png
6.1996684,1.8580142,12.023309,5,image_8479.png
-24.386917,-4.3985424,9.86173,2,image_8480.png
19.672497,9.292699,9.586011,6,image_8481.png
-5.2634387,-4.075622,-2.3422425,8,image_8482.png
-15.630484,20.891861,-2.2468138,7,image_8483.png
-0.22978047,19.557394,-4.8873,9,image_8484.png
-1.1207995,2.6776397,0.264493,8,image_8485.png
-15.637079,-2.3295088,-13.715934,1,image_8486.png
-7.7412243,23.905867,-3.5086122,9,image_8487.png
11.4876795,1.7669724,1.737551,6,image_8488.png
22.555786,-12.109178,9.317969,0,image_8489.png
-5.0987353,-16.543213,14.196582,2,image_8490.png
-18.215673,-10.806919,-4.902947,1,image_8491.png
-5.0735445,15.934436,-6.197023,9,image_8492.png
2.215035,-21.338083,8.038195,2,image_8493.png
1.8967599,-8.545214,-13.011734,3,image_8494.png
1.1509145,20.857748,5.115646,4,image_8495.png
-4.4301233,-2.805761,4.5790215,8,image_8496.png
28.285824,6.6226206,-1.7221316,6,image_8497.png
11.059534,-10.177925,-12.361442,3,image_8498.png
-14.332896,21.31759,-2.6247919,7,image_8499.png
22.615513,3.2330022,-4.1136928,6,image_8500.png
-2.234074,-3.9628403,-3.292063,8,image_8501.png
-12.61766,11.439432,-8.799094,7,image_8502.png
-8.191296,23.214493,-4.06463,9,image_8503.png
3.2579293,1.0127572,2.0167623,5,image_8504.png
0.59747976,-19.45832,0.60208845,3,image_8505.png
-19.126934,-4.937286,-16.671867,1,image_8506.png
-5.013328,2.7099648,-10.629131,8,image_8507.png
7.070758,22.434216,-1.4542176,4,image_8508.png
11.694148,-10.9769745,10.2542515,0,image_8509.png
-4.3885436,22.903837,-1.7377065,9,image_8510.png
-16.663437,21.614439,-3.5891702,7,image_8511.png
-18.288593,-8.169723,-1.9302318,1,image_8512.png
-19.568005,-8.52731,-3.7407117,1,image_8513.png
-11.827638,16.51127,0.46670216,9,image_8514.png
19.484142,-11.550966,9.219512,0,image_8515.png
-17.440939,21.1685,-11.016565,7,image_8516.png
-16.402996,21.405916,-3.8263257,7,image_8517.png
0.10333266,12.576312,-3.077372,9,image_8518.png
1.5706404,-0.6494225,10.506325,5,image_8519.png
2.6942148,-16.141691,-14.973754,8,image_8520.png
9.027291,-2.1248028,10.173564,5,image_8521.png
4.3122745,1.5208926,-8.434905,8,image_8522.png
26.078083,10.472769,-0.7803349,6,image_8523.png
0.7713012,-11.587745,-8.125928,3,image_8524.png
-10.994314,21.250843,1.5375233,9,image_8525.png
25.905954,4.4018583,-5.896073,6,image_8526.png
15.811303,-10.28991,5.0161057,0,image_8527.png
3.9223123,-6.4294705,-13.866477,3,image_8528.png
-17.600584,-7.3251762,-4.547248,1,image_8529.png
-17.853687,-0.62840843,-16.728155,1,image_8530.png
19.203825,-11.808548,4.854781,0,image_8531.png
18.41999,-2.470173,-1.5735857,6,image_8532.png
19.277988,-12.152096,7.9482455,0,image_8533.png
5.209109,22.70706,3.385076,4,image_8534.png
-1.112412,2.7274163,0.48445636,8,image_8535.png
-4.556968,-6.7316837,-4.1042924,8,image_8536.png
6.31296,-12.022934,-16.450462,3,image_8537.png
-14.426552,-4.3555307,-11.554375,1,image_8538.png
10.186461,18.79866,3.2490656,4,image_8539.png
8.397033,-12.311245,5.1131186,0,image_8540.png
10.075246,-15.760725,-11.667224,3,image_8541.png
-18.55118,-5.519429,-15.631962,1,image_8542.png
-21.64882,-9.083017,-6.7321453,1,image_8543.png
-0.7359524,-13.294474,-14.882793,3,image_8544.png
21.170525,-12.750495,9.038867,0,image_8545.png
27.67661,5.044996,-1.2759241,6,image_8546.png
-11.049221,21.447992,1.5569043,9,image_8547.png
12.151229,0.9020492,-6.1426325,5,image_8548.png
1.3062714,-0.2681593,10.876343,5,image_8549.png
-13.564871,-3.6283758,-15.271959,1,image_8550.png
6.4737306,-14.895183,-17.811642,3,image_8551.png
-14.9117565,7.8867264,-13.194109,2,image_8552.png
5.8046074,20.5826,-1.4678642,4,image_8553.png
9.443703,-11.022484,-9.19326,3,image_8554.png
-12.448865,14.5199175,4.488678,9,image_8555.png
-14.395582,5.5221047,-2.5575376,7,image_8556.png
6.235961,-14.551711,-7.0101166,3,image_8557.png
-11.415989,16.89931,7.330836,9,image_8558.png
-15.743605,20.444736,-3.2351327,7,image_8559.png
-0.8278482,13.197521,-9.429986,4,image_8560.png
27.10092,9.32819,-3.0178556,6,image_8561.png
-12.619825,8.81789,-1.8481131,7,image_8562.png
-8.892104,17.33924,-0.56348205,9,image_8563.png
-9.518959,-15.763107,13.088177,2,image_8564.png
-0.23863456,-21.498106,11.8418045,2,image_8565.png
-15.633618,14.035451,-11.719597,7,image_8566.png
9.461503,19.596632,0.36774167,4,image_8567.png
1.9490848,-9.070583,-11.7357435,3,image_8568.png
1.7952074,-0.7780402,10.314901,5,image_8569.png
6.644083,17.414087,0.89675564,4,image_8570.png
-15.875697,20.181774,-3.2410095,7,image_8571.png
-16.447727,16.811655,-8.223122,7,image_8572.png
-9.054292,-15.5315695,12.139655,2,image_8573.png
-18.190311,-1.5579872,-9.194506,1,image_8574.png
-18.663488,-9.399006,-5.59716,1,image_8575.png
-22.427017,10.5969,7.4760685,7,image_8576.png
24.485647,7.554863,-0.12799309,6,image_8577.png
-19.914808,-3.4126341,-11.27959,1,image_8578.png
-0.090568855,18.004084,5.4709144,4,image_8579.png
10.590362,17.62361,2.8566754,4,image_8580.png
-10.398793,21.347567,1.4503567,9,image_8581.png
-12.91373,-19.12681,7.2813277,2,image_8582.png
1.2440418,19.814062,5.980217,4,image_8583.png
12.461488,-6.2797904,-11.960888,8,image_8584.png
-11.702431,22.003605,1.5191572,9,image_8585.png
8.85623,21.133224,-13.331554,9,image_8586.png
0.17390797,19.548965,6.631746,4,image_8587.png
-23.113531,-2.91379,-5.5945835,1,image_8588.png
-23.522875,-5.278666,4.709006,1,image_8589.png
19.410692,6.3134484,-5.8006506,6,image_8590.png
-5.576777,-15.1011095,15.222535,2,image_8591.png
-1.8933047,18.939604,-7.0913873,9,image_8592.png
2.1252756,-21.301352,8.149692,2,image_8593.png
-11.475475,9.185817,-10.344467,7,image_8594.png
-18.584066,-9.352323,-5.242059,1,image_8595.png
-11.560936,14.640827,-12.702444,7,image_8596.png
-2.2909307,-14.659997,-15.598022,3,image_8597.png
-6.3483486,-16.094023,6.764707,2,image_8598.png
-9.505646,-16.15886,7.7242002,2,image_8599.png
-5.1241302,10.816321,6.9502044,4,image_8600.png
-9.626241,22.461918,0.5069945,9,image_8601.png
-19.637373,-4.2283773,-9.346422,1,image_8602.png
5.0643034,16.79999,6.84608,4,image_8603.png
-10.483719,7.883872,-2.0865536,7,image_8604.png
6.2017307,-13.320312,-16.681961,3,image_8605.png
10.753048,-11.521317,-13.191059,3,image_8606.png
-5.187902,-2.4127834,-5.6688185,8,image_8607.png
-0.018129747,22.24569,-5.960432,9,image_8608.png
-2.3325248,-20.22939,11.864546,2,image_8609.png
-19.664703,-0.99639106,-11.120136,1,image_8610.png
-0.1587995,-20.988869,10.970013,2,image_8611.png
23.866493,-13.59467,5.460521,0,image_8612.png
-0.1323547,-21.475237,11.672037,2,image_8613.png
-13.653735,-13.535402,11.540502,2,image_8614.png
-17.945925,-9.025364,-1.8852091,1,image_8615.png
-19.46588,13.881628,-8.791964,7,image_8616.png
-0.035105802,-21.679195,11.784661,2,image_8617.png
-2.9057488,2.1695368,-4.9970803,8,image_8618.png
-0.93144035,3.8336093,0.31574032,8,image_8619.png
4.173236,14.339036,-5.590495,9,image_8620.png
26.962606,9.857511,-3.00754,6,image_8621.png
-1.7955147,9.749588,0.017854035,4,image_8622.png
5.9836354,1.5169557,10.792342,5,image_8623.png
9.957795,14.789006,-9.881101,5,image_8624.png
-17.43089,-8.514468,-0.37073618,1,image_8625.png
-3.7117987,13.980692,-5.808179,9,image_8626.png
25.888634,9.297691,-1.7335023,6,image_8627.png
24.110231,10.615277,-7.5210023,6,image_8628.png
-15.360457,21.298468,-4.062534,7,image_8629.png
-0.041869786,15.23746,-4.2496943,9,image_8630.png
-10.106638,-15.264387,5.477058,2,image_8631.png
-5.967218,-16.927174,6.9271193,2,image_8632.png
-13.002933,-4.5216017,-13.096227,1,image_8633.png
6.325537,12.252608,-1.2404202,4,image_8634.png
7.9861298,-7.7358923,-18.009768,3,image_8635.png
16.59548,3.4660962,5.3854127,6,image_8636.png
-13.271225,20.980455,-2.3442457,7,image_8637.png
21.871187,11.713242,-13.283706,6,image_8638.png
8.687529,-17.441362,-9.221628,5,image_8639.png
-11.455793,-24.256983,9.630306,2,image_8640.png
-11.835923,22.16632,1.4580806,9,image_8641.png
6.5208235,-1.5182935,-0.639083,5,image_8642.png
5.8706994,-17.030056,-7.9009686,3,image_8643.png
5.928038,22.977964,-3.8656957,4,image_8644.png
-5.0498223,6.0865216,-3.071169,8,image_8645.png
8.488168,-2.3866534,-11.210871,5,image_8646.png
-13.798722,21.652658,-1.6617736,7,image_8647.png
-17.338352,-3.7756732,-7.116638,1,image_8648.png
1.6344833,-0.6362047,10.457843,5,image_8649.png
5.4023046,23.169714,-3.7511895,4,image_8650.png
-16.326685,21.728136,-2.0201142,7,image_8651.png
-23.766853,-4.159328,-7.1559386,1,image_8652.png
21.355988,-13.23706,9.607367,0,image_8653.png
4.3330083,12.765034,-5.1111565,9,image_8654.png
-15.270051,21.132103,-3.8861291,7,image_8655.png
12.0896845,-1.325332,-10.521005,5,image_8656.png
0.017056882,18.189543,5.299501,4,image_8657.png
23.029938,6.932327,-8.522883,6,image_8658.png
-1.5229392,2.854365,-0.3510484,8,image_8659.png
-11.538651,-3.241766,-17.98875,1,image_8660.png
-4.920414,6.058959,-3.7133133,8,image_8661.png
-1.5928817,-0.023204595,-3.6240394,8,image_8662.png
-5.512356,-18.390259,17.551771,3,image_8663.png
-25.028288,-5.4801474,-6.0882273,1,image_8664.png
-16.723612,21.692646,-3.3055356,7,image_8665.png
0.10102048,-1.020508,0.9404518,8,image_8666.png
27.043272,9.504903,-3.0171835,6,image_8667.png
6.984908,-1.9567726,-13.579349,5,image_8668.png
-11.945963,22.173853,1.4800575,9,image_8669.png
-18.52334,-12.227222,-3.1473188,2,image_8670.png
-9.679668,21.95983,1.9621986,9,image_8671.png
4.847713,-10.386369,-14.904037,3,image_8672.png
2.4540002,18.038845,6.9586473,4,image_8673.png
11.184972,17.308893,-9.108688,9,image_8674.png
-2.1837518,3.1946669,-0.51298034,8,image_8675.png
8.868827,16.999796,-10.866013,5,image_8676.png
-0.31704676,15.563678,9.269459,4,image_8677.png
-10.497731,-1.2113608,-23.701923,1,image_8678.png
-20.290756,-9.484748,4.968711,1,image_8679.png
26.127516,-13.127053,2.2561207,8,image_8680.png
19.132137,-11.883358,8.239417,0,image_8681.png
19.851595,-15.281551,6.680315,0,image_8682.png
27.311745,8.61157,-2.044819,6,image_8683.png
4.5321093,-15.460483,-4.0311155,3,image_8684.png
28.166039,7.9931784,-3.006545,6,image_8685.png
-3.7949862,-2.7673347,-9.983959,8,image_8686.png
21.398098,-12.196664,2.776553,0,image_8687.png
23.95047,3.6649554,-8.939613,6,image_8688.png
-19.10989,-8.791288,-6.180684,1,image_8689.png
-15.262843,6.1856728,11.713108,8,image_8690.png
-4.727545,-22.227627,8.153279,2,image_8691.png
20.869215,6.447868,-2.70994,6,image_8692.png
-6.85644,3.241514,-1.6114684,3,image_8693.png
-4.994216,-2.152022,5.0099487,8,image_8694.png
11.765721,17.561403,3.4652832,4,image_8695.png
4.885275,23.09289,-3.712849,4,image_8696.png
23.656973,7.4981594,7.788472,6,image_8697.png
-13.853715,8.219494,-6.580654,7,image_8698.png
-15.726859,18.190649,1.8845578,7,image_8699.png
8.191912,-11.354147,-8.251285,3,image_8700.png
-4.7437725,-2.4278476,10.547144,8,image_8701.png
11.155435,20.648949,-10.5569,9,image_8702.png
15.59822,-18.989527,1.3698637,0,image_8703.png
-14.30935,-5.1683645,-9.175969,1,image_8704.png
-23.758587,-4.142705,4.9100785,1,image_8705.png
-1.233271,10.8425255,4.0474744,4,image_8706.png
-5.082237,-21.595621,15.858333,2,image_8707.png
-1.927342,-1.1747217,-14.095713,3,image_8708.png
-10.3145275,22.053295,2.9861002,3,image_8709.png
5.7005215,-11.424748,-12.64002,3,image_8710.png
8.839097,19.32028,5.5915127,4,image_8711.png
6.928342,-5.5159335,-5.632474,5,image_8712.png
4.5992284,3.0817041,14.597174,5,image_8713.png
15.252245,-17.471016,-8.170473,9,image_8714.png
20.344292,0.7319547,11.80287,6,image_8715.png
4.7115912,-10.450437,-19.106041,3,image_8716.png
-15.679751,18.283815,1.6987957,7,image_8717.png
-23.082424,14.415105,0.30587065,7,image_8718.png
-4.807531,-2.0010571,11.282085,8,image_8719.png
22.217386,11.793098,-3.8071716,6,image_8720.png
-7.950733,23.015398,0.35064396,9,image_8721.png
-7.1423306,-3.2961376,-2.8425722,8,image_8722.png
18.267391,-20.987606,7.744387,0,image_8723.png
13.272544,-11.666661,-0.1778466,0,image_8724.png
-23.943138,-1.2354349,7.2416844,1,image_8725.png
17.668045,7.586706,5.1826396,6,image_8726.png
-4.9295945,-21.490585,16.053396,2,image_8727.png
6.2122593,-4.1486077,0.852908,5,image_8728.png
-22.670546,16.423626,-2.2936764,3,image_8729.png
-6.8393316,-7.8428283,-6.1636796,8,image_8730.png
7.641949,-6.6715255,-0.104923114,5,image_8731.png
-3.2036967,-2.7033808,-11.693321,8,image_8732.png
20.18076,0.57534564,11.642418,6,image_8733.png
7.1439753,1.2626929,14.183675,5,image_8734.png
-18.620111,17.278624,-3.1936674,7,image_8735.png
1.5019118,16.475012,-13.761715,9,image_8736.png
5.5788646,13.953493,3.749978,4,image_8737.png
-23.31256,-5.4395533,-9.028868,1,image_8738.png
13.480223,-19.130226,-0.081377015,0,image_8739.png
-6.0186324,-20.823765,7.350783,2,image_8740.png
-14.562242,10.33214,2.0067878,7,image_8741.png
-9.854879,-14.330403,5.431842,2,image_8742.png
-5.4490924,-18.70607,11.976465,2,image_8743.png
11.708878,-8.443207,-11.419831,5,image_8744.png
-6.9391327,11.554644,1.0180942,9,image_8745.png
-2.2287962,-1.3821023,3.0441399,8,image_8746.png
1.5232555,14.833987,-0.69496536,4,image_8747.png
11.457639,-0.595317,1.516289,5,image_8748.png
-14.12556,-13.331957,13.036948,2,image_8749.png
3.9155264,19.89866,-11.157648,9,image_8750.png
-12.87071,16.782219,5.574334,9,image_8751.png
-5.8699813,-12.101853,6.447726,2,image_8752.png
-5.373715,-3.9095008,8.939813,8,image_8753.png
22.421556,-20.97031,2.3510149,0,image_8754.png
5.8465643,20.46065,8.943963,4,image_8755.png
10.285989,-10.964281,-13.128992,3,image_8756.png
2.2227154,-0.93643904,12.576561,5,image_8757.png
-11.77784,14.156065,-5.1982265,7,image_8758.png
-0.2598245,-1.0154876,13.708403,8,image_8759.png
-21.754318,-1.3967966,3.1983232,1,image_8760.png
-0.6253669,-0.8783779,14.612619,8,image_8761.png
7.5560694,-9.241961,-8.932809,3,image_8762.png
23.185736,-14.588521,12.552517,0,image_8763.png
-1.9675972,2.0207262,-0.11561395,8,image_8764.png
-13.642265,4.670141,8.783427,3,image_8765.png
10.084654,-5.193715,-0.07208623,5,image_8766.png
1.79539,0.6736213,12.562907,5,image_8767.png
9.7078905,19.7629,-1.361102,4,image_8768.png
6.574755,17.890347,10.158169,4,image_8769.png
17.77899,-1.184703,0.56155485,6,image_8770.png
-6.3007536,-20.70269,-9.148768,3,image_8771.png
-12.68571,12.189755,-1.7268417,1,image_8772.png
-5.3572235,-19.074688,-8.525153,3,image_8773.png
20.652279,4.387986,-4.2181587,6,image_8774.png
6.613489,17.019188,9.343519,4,image_8775.png
-5.970228,15.130564,-4.8151083,9,image_8776.png
21.870974,6.117409,8.332064,6,image_8777.png
-14.906468,-5.301268,-17.956623,1,image_8778.png
3.7133663,-0.6491045,11.054439,5,image_8779.png
4.996962,-4.9501047,-8.816623,8,image_8780.png
-24.255152,-0.84549,6.287123,1,image_8781.png
1.58273,-3.986968,2.901735,8,image_8782.png
-16.721445,13.5716,2.5693462,7,image_8783.png
-3.322304,-16.560282,8.972511,2,image_8784.png
-23.047935,-1.8868449,14.911473,8,image_8785.png
-0.08871583,-12.108573,-6.26746,3,image_8786.png
5.6202617,20.152426,10.611853,4,image_8787.png
20.316143,-10.176594,1.1245219,0,image_8788.png
5.83826,2.4132345,14.893673,5,image_8789.png
-11.880531,0.53131795,-7.5285687,3,image_8790.png
-15.566352,19.984488,-3.0101264,7,image_8791.png
27.878325,0.33307442,4.2536316,6,image_8792.png
-6.856322,-20.19095,17.445112,2,image_8793.png
-1.920277,-16.83138,-11.451296,3,image_8794.png
-5.031759,-18.67096,-8.359034,3,image_8795.png
3.171129,20.861486,-2.660187,4,image_8796.png
20.059242,2.9150352,12.128658,6,image_8797.png
-17.036135,7.929079,0.82691634,7,image_8798.png
20.416668,2.7587333,12.813552,6,image_8799.png
-0.3429746,-12.924463,-11.187328,3,image_8800.png
-17.27003,11.974828,6.505315,7,image_8801.png
-7.5884476,17.364986,2.2975729,9,image_8802.png
-21.436613,11.764474,-1.192135,7,image_8803.png
-13.7005825,14.634813,-6.5964966,7,image_8804.png
-16.799002,13.615105,2.585982,7,image_8805.png
-17.255856,-2.2150438,-2.580194,1,image_8806.png
22.67567,10.6279955,2.170572,6,image_8807.png
2.4007945,-8.168767,-12.15446,3,image_8808.png
15.281223,-12.140602,8.132042,0,image_8809.png
-11.447432,-9.492921,12.582817,2,image_8810.png
-23.341845,-5.1029286,6.711147,1,image_8811.png
27.750267,-15.081635,1.1387631,0,image_8812.png
13.756691,-12.10126,6.1723166,0,image_8813.png
17.79647,1.5054617,4.08424,6,image_8814.png
-19.163643,-7.4273763,-3.4963918,1,image_8815.png
6.431545,-12.475412,-4.792277,3,image_8816.png
20.087545,2.9243367,11.613535,6,image_8817.png
-1.4842867,-13.681416,-15.875824,3,image_8818.png
1.710064,2.846733,9.4398155,5,image_8819.png
21.371918,7.661957,-3.6906857,6,image_8820.png
-9.607344,21.349688,5.19206,3,image_8821.png
21.967402,0.67634773,8.029455,6,image_8822.png
-24.691128,-5.6420045,6.234427,1,image_8823.png
9.8542,-8.209334,-5.9403224,3,image_8824.png
5.222289,20.512539,9.490478,4,image_8825.png
21.295816,10.562669,-13.794051,6,image_8826.png
-17.350641,12.352921,6.6273403,7,image_8827.png
-11.355929,10.668836,-7.4457746,7,image_8828.png
21.970505,7.976207,7.478575,6,image_8829.png
7.858485,-7.6865172,-18.099447,3,image_8830.png
-4.9540243,-21.536127,16.021332,2,image_8831.png
-3.178867,17.193018,-0.6484077,4,image_8832.png
-12.119489,-11.918547,13.260441,2,image_8833.png
-10.144358,-12.775885,4.271982,2,image_8834.png
0.5449701,0.665179,14.302457,5,image_8835.png
-14.134885,-4.732051,-10.341551,1,image_8836.png
-12.404315,17.764322,5.9307723,9,image_8837.png
25.16437,-14.940427,3.9151156,0,image_8838.png
-23.431734,-3.0587296,10.223635,1,image_8839.png
0.487896,17.300106,6.2251596,4,image_8840.png
-6.842629,-20.26691,17.50621,2,image_8841.png
4.1596336,16.514158,-2.3037915,4,image_8842.png
-8.763465,-22.36683,15.226552,2,image_8843.png
-12.455465,-9.685013,10.651498,2,image_8844.png
-15.751054,18.131428,2.2949784,7,image_8845.png
18.689985,1.6388668,9.012565,6,image_8846.png
-12.982056,16.671383,5.5156937,9,image_8847.png
23.514679,12.022152,-12.730592,6,image_8848.png
-15.080965,6.9487853,4.112737,7,image_8849.png
18.888199,7.8841686,-0.3737406,6,image_8850.png
-10.660451,15.352631,6.2467146,9,image_8851.png
-10.870836,-23.339622,6.8351293,2,image_8852.png
-12.787016,8.408277,13.089681,2,image_8853.png
-8.541936,11.809045,12.5526285,4,image_8854.png
19.446505,-16.851202,8.646599,0,image_8855.png
4.70358,4.0427756,2.610814,5,image_8856.png
-11.683199,19.878668,3.5661469,4,image_8857.png
-10.485068,-23.79924,7.3752193,2,image_8858.png
-5.8470454,-4.052037,8.6826935,8,image_8859.png
17.451937,1.9173485,10.54316,6,image_8860.png
-9.092415,9.506596,7.425376,7,image_8861.png
22.026722,10.324403,-9.367865,6,image_8862.png
9.44172,-10.463929,7.625815,0,image_8863.png
-10.85627,-15.453593,6.642163,2,image_8864.png
-15.95107,12.273662,7.549776,3,image_8865.png
-10.264024,9.005421,-7.802706,7,image_8866.png
-0.8933706,-1.1359696,14.252483,8,image_8867.png
24.367607,5.5583215,1.692921,6,image_8868.png
-0.8313029,15.469622,16.524052,4,image_8869.png
22.113874,10.637765,-3.6720092,6,image_8870.png
20.250467,2.5917542,12.480121,6,image_8871.png
0.8962098,10.156594,-9.296091,4,image_8872.png
-23.402853,-0.75053453,9.010484,1,image_8873.png
4.9200506,18.102978,-0.33158416,4,image_8874.png
6.666842,17.129478,9.486531,4,image_8875.png
4.9631743,0.24667135,3.2372851,5,image_8876.png
11.175393,-13.55075,8.417762,0,image_8877.png
-7.4373927,-18.35,5.3076496,2,image_8878.png
-13.611975,4.6598506,8.785911,3,image_8879.png
-0.25431263,-11.745338,-6.7476263,3,image_8880.png
19.589888,3.730748,11.650644,6,image_8881.png
5.129641,-7.43523,-16.215736,3,image_8882.png
-12.803136,8.574339,13.107632,2,image_8883.png
1.5048639,-5.846949,-16.352648,3,image_8884.png
19.282984,-13.067194,2.3504066,0,image_8885.png
-6.255514,-9.914897,9.044021,2,image_8886.png
-3.655463,13.775848,14.06006,4,image_8887.png
4.97942,-7.417437,-13.722004,3,image_8888.png
-4.6895995,-2.304877,10.849944,8,image_8889.png
2.9500363,14.465521,-11.855343,4,image_8890.png
-22.73245,-3.2501402,11.888487,1,image_8891.png
-8.6999,-3.542855,-21.8871,8,image_8892.png
-5.0689955,-18.829212,-8.340211,3,image_8893.png
19.012905,-17.352604,3.1447167,0,image_8894.png
-22.669353,-3.2893739,14.977035,1,image_8895.png
11.582709,-12.34698,8.790091,0,image_8896.png
17.179628,-12.973062,6.7401104,0,image_8897.png
5.2972293,0.15990153,3.9961503,6,image_8898.png
-10.618254,19.058994,4.2821474,9,image_8899.png
5.8654876,1.7004324,5.856123,5,image_8900.png
20.738882,-16.158724,5.2115026,0,image_8901.png
0.988361,14.201828,-7.300528,9,image_8902.png
-21.713184,-7.5098376,-3.039359,1,image_8903.png
-7.7836885,-23.075052,10.012468,1,image_8904.png
-9.549066,-14.238938,8.619518,2,image_8905.png
5.957168,19.99438,1.0291911,4,image_8906.png
4.45675,-10.625489,-14.85158,3,image_8907.png
18.452957,7.538694,5.7870812,6,image_8908.png
9.864861,-0.28307837,-2.9232864,5,image_8909.png
-14.019449,11.258996,-3.0831535,7,image_8910.png
23.113863,6.080131,-2.9917512,6,image_8911.png
18.990602,-14.830043,2.2817092,0,image_8912.png
-16.172321,13.629909,-8.6581745,7,image_8913.png
-7.297276,17.11022,-7.2650466,4,image_8914.png
-7.6966934,-4.994554,1.3587784,8,image_8915.png
-18.555965,-2.313205,-5.6177287,1,image_8916.png
23.89828,-19.544647,9.996842,0,image_8917.png
0.8724668,9.783152,-12.711381,8,image_8918.png
-21.997149,-6.452567,-1.8900046,1,image_8919.png
-8.901111,16.369316,-1.4258941,8,image_8920.png
-6.368395,-13.203586,9.740729,2,image_8921.png
-12.500962,4.2044063,1.328504,2,image_8922.png
4.44357,-12.583326,-15.798412,3,image_8923.png
-11.867393,-8.012334,11.9317465,2,image_8924.png
-2.719682,15.845706,5.613311,4,image_8925.png
15.700121,-10.0079565,-2.10181,0,image_8926.png
7.845958,1.3870759,0.5068024,5,image_8927.png
-4.0329976,-0.7997483,1.3410767,8,image_8928.png
26.01487,7.0450163,-5.2742863,6,image_8929.png
1.342227,13.796281,2.7825196,4,image_8930.png
-17.877668,14.444516,-5.4247994,7,image_8931.png
21.65842,-19.287228,12.635065,0,image_8932.png
-7.650309,-5.130213,1.4376459,8,image_8933.png
-14.667424,-0.9552716,-4.9196544,1,image_8934.png
23.200937,-19.617487,10.212586,0,image_8935.png
0.39136976,-11.034309,-13.546971,3,image_8936.png
-22.871927,-6.5713654,-3.0934708,1,image_8937.png
10.334688,-1.6989813,-0.44258243,5,image_8938.png
-8.502062,-17.869463,10.569453,2,image_8939.png
20.326317,-0.47785187,2.7485597,6,image_8940.png
4.910156,-11.959319,-15.252226,3,image_8941.png
22.837276,10.442032,-5.6397576,6,image_8942.png
-3.1345942,14.158953,6.2664504,4,image_8943.png
7.0591164,24.248405,-5.537975,4,image_8944.png
7.8942595,0.97499764,-0.6927968,5,image_8945.png
12.417693,-10.327732,-12.400388,3,image_8946.png
23.22241,5.8125615,2.2992873,6,image_8947.png
7.50134,-13.926544,-12.591318,3,image_8948.png
-17.515177,14.395259,-6.227442,7,image_8949.png
8.333332,22.13441,-5.4765134,4,image_8950.png
-7.7356286,-5.213621,1.3268082,8,image_8951.png
-5.875081,-15.851909,8.6332445,2,image_8952.png
-8.555494,15.248674,1.8902972,9,image_8953.png
-15.378056,21.498352,-11.812697,7,image_8954.png
-8.364215,-6.838627,0.05260755,8,image_8955.png
5.761498,18.880007,-1.7122164,4,image_8956.png
3.5121279,-12.608169,-10.953173,3,image_8957.png
4.970042,-6.9474096,-18.612066,3,image_8958.png
-14.639971,10.038341,-3.102364,7,image_8959.png
-10.956991,-14.2374525,7.6819587,2,image_8960.png
20.63066,-16.834383,2.0958867,0,image_8961.png
5.8098946,12.232392,-1.9366121,4,image_8962.png
-18.519075,-3.5538402,-3.1127057,1,image_8963.png
8.334217,19.433943,-2.0218563,4,image_8964.png
-17.154678,7.977916,0.8455786,7,image_8965.png
-17.27749,11.051571,-8.638833,2,image_8966.png
2.3965037,-14.338594,-16.60184,3,image_8967.png
8.953467,21.43365,-10.329637,9,image_8968.png
19.552778,-21.498798,3.9938989,0,image_8969.png
-24.280094,-5.2177815,-4.2459464,1,image_8970.png
-9.361267,14.276266,1.7532649,9,image_8971.png
-4.3195486,-20.35396,9.719769,2,image_8972.png
1.4641458,12.6393,5.32018,4,image_8973.png
16.140194,3.5244033,8.57513,6,image_8974.png
7.548275,1.2216918,1.2541624,5,image_8975.png
-0.6184079,-12.505606,-14.934986,3,image_8976.png
-1.7457303,-14.408425,12.146978,2,image_8977.png
-9.413884,2.671206,9.042977,2,image_8978.png
18.164078,-21.601894,4.520566,0,image_8979.png
-12.825706,13.150785,-11.393642,7,image_8980.png
25.412485,7.8715343,-2.3950667,6,image_8981.png
16.058416,-12.483878,2.600995,0,image_8982.png
-1.1629529,-18.642427,8.742949,2,image_8983.png
-18.845991,-5.3217187,-16.448769,1,image_8984.png
-16.400482,-3.7057822,-9.0346775,1,image_8985.png
6.9581637,-5.2704544,-7.999197,5,image_8986.png
-16.078384,-3.0565016,-8.008189,1,image_8987.png
9.094195,0.92668545,-6.5636864,5,image_8988.png
-21.72332,-5.5841784,-11.28304,1,image_8989.png
-14.755849,16.88793,-11.737755,7,image_8990.png
-18.137772,16.813248,-6.8007407,7,image_8991.png
-20.721376,-5.718071,-8.821729,1,image_8992.png
-4.5582385,-14.077552,11.089478,2,image_8993.png
20.31199,-1.537569,-2.5138173,6,image_8994.png
-3.2051334,14.448863,6.398313,4,image_8995.png
4.8127804,23.039381,-4.0380874,4,image_8996.png
-8.065922,-16.814533,10.952878,2,image_8997.png
-0.8591905,15.930568,-11.753642,9,image_8998.png
-4.7931833,16.064447,-6.1016426,9,image_8999.png
24.132614,9.669654,-12.055157,6,image_9000.png
-17.39231,10.732317,-1.3159381,7,image_9001.png
-9.208611,9.231523,7.5591373,9,image_9002.png
24.775303,-17.38869,4.489008,0,image_9003.png
7.1255655,-11.353376,-8.572737,3,image_9004.png
23.086082,-16.657166,3.9863834,0,image_9005.png
0.6147746,-12.510552,-14.02699,3,image_9006.png
-18.000872,10.257773,0.8341264,7,image_9007.png
-1.2242786,-13.715074,14.667663,8,image_9008.png
7.7242975,1.0452671,-0.9731079,5,image_9009.png
26.97446,1.9076768,-0.45341313,6,image_9010.png
-21.14495,-3.2387996,1.4546171,1,image_9011.png
-11.279789,-3.04373,-20.401682,1,image_9012.png
-17.714731,-6.214251,2.8108168,1,image_9013.png
-0.14383927,3.1591823,-7.5788445,8,image_9014.png
21.298487,6.818759,2.2397845,6,image_9015.png
22.768406,11.243756,-11.615704,6,image_9016.png
-19.556784,-8.539004,-0.0058150887,1,image_9017.png
24.016775,-17.610512,-0.069686696,0,image_9018.png
-8.918838,-6.2063193,0.2679108,8,image_9019.png
-1.9303493,0.954548,-12.156402,8,image_9020.png
-0.71297324,-16.687346,11.578306,2,image_9021.png
-12.373904,6.7402463,-7.112204,7,image_9022.png
-13.6646385,15.715592,-10.2847395,7,image_9023.png
22.809195,6.285742,-2.954407,6,image_9024.png
-1.1705917,12.220095,2.8555617,4,image_9025.png
7.826633,18.12171,-0.48298448,4,image_9026.png
16.749422,-16.563597,5.353224,0,image_9027.png
6.507568,-6.464516,-7.230885,5,image_9028.png
-3.5696416,13.16496,6.151518,4,image_9029.png
-0.025344096,11.872496,-5.0455055,4,image_9030.png
-11.591839,-9.932509,11.843383,2,image_9031.png
13.65182,-10.559026,-0.42049885,0,image_9032.png
9.003967,1.0531952,-4.029191,5,image_9033.png
16.222214,-16.037285,2.478446,0,image_9034.png
20.425718,-17.18237,2.645699,0,image_9035.png
-9.161739,-12.950888,17.728395,2,image_9036.png
4.982772,-10.609162,-19.403036,3,image_9037.png
13.37466,-14.351394,-0.5697963,0,image_9038.png
-22.22377,-5.399335,-10.995423,1,image_9039.png
7.6418915,18.291777,-9.83414,4,image_9040.png
-9.586328,12.688902,5.2255464,9,image_9041.png
25.004711,3.5030541,-6.311675,6,image_9042.png
-24.264519,-4.894666,7.3732553,1,image_9043.png
8.741214,1.5357571,14.31353,5,image_9044.png
-15.825698,-4.0488963,-8.140405,1,image_9045.png
10.06707,17.475775,3.3350117,4,image_9046.png
20.379704,-16.104408,5.63053,0,image_9047.png
11.750413,-12.090012,2.6120548,0,image_9048.png
20.927088,6.5495048,-4.700953,6,image_9049.png
-7.7850976,-0.3452409,-5.884826,8,image_9050.png
-9.975016,13.346468,-0.31363177,9,image_9051.png
-20.271767,7.8973656,5.6094575,7,image_9052.png
4.408189,-12.416017,-15.604427,3,image_9053.png
-9.668898,-20.70266,7.962492,2,image_9054.png
19.05051,-14.2844715,4.3211265,0,image_9055.png
18.179083,-13.5991335,11.911854,0,image_9056.png
-7.455812,-5.25105,1.6133282,8,image_9057.png
26.814005,10.322731,-8.716629,6,image_9058.png
0.80505675,-10.892726,-12.679651,3,image_9059.png
-16.303434,8.730821,-7.4521685,7,image_9060.png
-9.178306,14.827973,1.2216034,9,image_9061.png
11.658904,0.74998355,-8.554893,5,image_9062.png
22.3115,5.5276766,2.7809756,6,image_9063.png
8.31548,0.13251725,-9.529014,5,image_9064.png
7.1012177,-14.71032,-10.15811,3,image_9065.png
1.7636381,19.099575,-8.282564,9,image_9066.png
15.192978,-13.534628,3.9857225,0,image_9067.png
21.213964,1.5706884,1.2339594,6,image_9068.png
-17.195866,-7.233023,-12.682294,1,image_9069.png
-3.8204863,20.670385,-3.124745,9,image_9070.png
6.3360257,19.724642,-1.8689208,4,image_9071.png
-18.53452,-6.2838364,-3.6304526,1,image_9072.png
7.984723,-3.9983554,-8.156749,5,image_9073.png
6.2138467,-5.6688643,-15.167281,3,image_9074.png
14.653306,7.6523514,2.784264,6,image_9075.png
-2.678671,-2.6067877,-6.5553923,8,image_9076.png
-10.485798,14.941117,-7.453341,7,image_9077.png
-2.5826802,-2.5856032,-6.5976887,3,image_9078.png
-5.3124275,1.1203034,-3.9002655,8,image_9079.png
7.027472,-11.242939,-8.707148,3,image_9080.png
-2.404593,15.522118,-11.905022,9,image_9081.png
-20.696287,13.4500675,-7.987235,7,image_9082.png
14.051906,-18.744762,3.3882627,0,image_9083.png
6.285684,2.3286839,-6.9958267,5,image_9084.png
-13.778258,-4.650525,-12.141981,1,image_9085.png
-11.985081,14.53044,-10.859156,7,image_9086.png
-0.7903572,-15.975556,13.230914,2,image_9087.png
-0.5773114,-4.815121,-4.305632,8,image_9088.png
-3.6594846,-10.101493,-10.550737,3,image_9089.png
25.693008,7.7564144,-9.834911,6,image_9090.png
-1.6119883,17.384113,0.43369302,4,image_9091.png
-3.8772805,-17.47804,12.758012,2,image_9092.png
8.005654,0.61679566,-3.9785225,5,image_9093.png
19.016428,9.078638,-0.5406258,6,image_9094.png
19.200747,9.227961,-0.31994563,6,image_9095.png
7.3190813,-3.1351938,-9.53371,5,image_9096.png
-10.583501,7.8984365,-4.351682,7,image_9097.png
4.7222905,-17.384527,-10.913757,2,image_9098.png
-8.110354,-3.3624377,-6.1733174,8,image_9099.png
10.139623,24.251745,-4.487575,4,image_9100.png
15.008164,-18.502728,8.379884,0,image_9101.png
-15.778989,15.976382,-1.3534849,7,image_9102.png
-18.013466,-6.1648326,-4.4844775,1,image_9103.png
-23.587952,-4.2215314,-8.187259,2,image_9104.png
-7.9488974,-11.910999,10.964264,2,image_9105.png
-23.97507,-5.8366294,-7.3849573,1,image_9106.png
1.2970963,-10.709413,-14.635965,3,image_9107.png
-8.37211,11.556619,5.04499,4,image_9108.png
2.5605772,16.106455,2.3644254,4,image_9109.png
-22.953556,-5.0945,-10.459251,1,image_9110.png
5.816356,3.775657,4.756518,5,image_9111.png
-7.844181,-5.9076056,-1.8420699,8,image_9112.png
19.28016,8.651389,2.9972448,6,image_9113.png
-2.2270567,13.875238,-4.79086,9,image_9114.png
-11.767888,15.392746,-6.6089873,7,image_9115.png
10.46899,23.940649,-5.1090693,4,image_9116.png
-7.5640445,-1.3857094,5.084907,8,image_9117.png
11.524323,20.329798,-10.584517,9,image_9118.png
-8.991648,10.767616,-6.257213,9,image_9119.png
18.479202,1.8494853,8.857463,6,image_9120.png
-20.336239,-2.628779,-9.82813,1,image_9121.png
-3.1034544,13.68757,-4.778399,9,image_9122.png
21.181675,7.619936,-3.974622,6,image_9123.png
9.873229,-10.972116,-8.937194,5,image_9124.png
-6.6132393,-0.72819245,0.16135207,8,image_9125.png
15.139433,5.951996,3.9297957,6,image_9126.png
-6.0459933,12.363679,-4.9548182,9,image_9127.png
0.8767382,19.555382,-7.4693084,9,image_9128.png
0.23413426,17.131603,-8.095521,9,image_9129.png
-18.730131,-7.2229114,-15.696868,1,image_9130.png
19.111961,-21.515326,4.4958787,0,image_9131.png
-6.4666634,11.519382,1.0040497,9,image_9132.png
-21.526989,-3.6198883,-7.260359,1,image_9133.png
-5.443003,1.2374594,-7.339,8,image_9134.png
8.568441,-15.629182,5.585073,2,image_9135.png
-17.301226,-1.8035245,-9.331702,1,image_9136.png
5.249892,12.658801,2.5981987,4,image_9137.png
7.2379336,4.8723335,4.65833,5,image_9138.png
1.0475053,13.289845,6.0302815,4,image_9139.png
4.4283776,-14.800151,-16.827045,3,image_9140.png
-4.4897394,-5.889463,-16.51263,3,image_9141.png
23.035986,-20.598473,1.972592,0,image_9142.png
-10.437189,8.710796,-4.2408843,7,image_9143.png
20.402407,-1.5828551,-2.5186758,6,image_9144.png
-0.7430979,14.8221035,4.055796,4,image_9145.png
-0.12012383,-10.205942,-7.4749627,3,image_9146.png
-0.15831038,11.44457,6.776405,4,image_9147.png
11.24945,16.698555,0.14553173,4,image_9148.png
-0.44510874,12.964656,8.084308,4,image_9149.png
0.46908763,17.60024,-8.479496,9,image_9150.png
17.03708,-18.145016,9.978503,0,image_9151.png
12.023683,-2.8832424,-13.077424,8,image_9152.png
-2.8644378,-19.710758,-5.9016385,3,image_9153.png
-2.077507,0.31264606,0.47756928,8,image_9154.png
-8.2895155,-3.083501,0.11211921,8,image_9155.png
20.92904,4.2035866,-3.7728655,6,image_9156.png
-15.179447,15.763791,-1.3494765,7,image_9157.png
29.041086,-11.980505,2.6272135,0,image_9158.png
3.7395737,2.3617342,11.184311,5,image_9159.png
5.105694,-0.57558376,10.048583,5,image_9160.png
-18.36826,-3.9778388,-10.56104,1,image_9161.png
-20.990705,7.825428,6.1199822,7,image_9162.png
6.293966,3.7988822,4.558015,5,image_9163.png
-21.076492,-0.7500702,-11.797153,8,image_9164.png
-6.668414,-3.0941927,4.166499,8,image_9165.png
19.540699,-16.069098,4.3259234,0,image_9166.png
0.57119745,19.915148,-7.423234,9,image_9167.png
3.848901,-15.836439,-18.707493,3,image_9168.png
-2.0380423,-17.175505,10.2518215,2,image_9169.png
8.031271,-5.6800175,-6.1365604,5,image_9170.png
8.910333,1.3745582,7.7421327,5,image_9171.png
11.189763,22.644226,-3.3894598,4,image_9172.png
-18.678791,-3.5725408,-11.218989,1,image_9173.png
27.217663,7.7076015,-7.1597705,6,image_9174.png
-21.668444,-3.5857437,-7.3182898,1,image_9175.png
5.859033,15.346455,-6.628033,9,image_9176.png
22.298784,7.5827045,-7.5113316,6,image_9177.png
0.6818141,-2.7979257,-12.934829,8,image_9178.png
-0.655165,-16.26938,13.243558,2,image_9179.png
0.8202539,-17.40173,-7.5892105,3,image_9180.png
-19.277575,-4.2118883,-10.471953,1,image_9181.png
1.884527,-13.172755,-17.654072,3,image_9182.png
8.516473,-6.6032534,-13.760599,3,image_9183.png
-0.4968348,-6.432441,-13.445252,3,image_9184.png
-8.093915,-3.403041,-7.1386156,8,image_9185.png
-6.8690166,-20.212618,7.7994146,2,image_9186.png
17.966467,8.964995,4.1120834,6,image_9187.png
-16.867676,7.043973,1.6763101,7,image_9188.png
2.3024263,18.319061,-1.906261,4,image_9189.png
0.51992315,11.541472,-5.002107,4,image_9190.png
7.472404,17.243921,-8.93112,9,image_9191.png
13.861415,-16.99927,-3.7188556,3,image_9192.png
0.9481262,-14.986546,12.776273,2,image_9193.png
18.961079,-13.807687,-0.6417519,0,image_9194.png
18.849165,-21.596767,2.125743,0,image_9195.png
22.29186,-14.516256,0.9576041,0,image_9196.png
20.80985,-19.050781,7.0552993,0,image_9197.png
-11.653081,8.6462345,-7.5418253,7,image_9198.png
-17.490807,-1.6111124,-10.258539,1,image_9199.png
-19.50046,15.073693,-6.4199233,7,image_9200.png
17.393732,8.738806,0.5497296,6,image_9201.png
23.228064,12.257783,-11.462902,6,image_9202.png
-1.9318749,-18.724373,14.081826,2,image_9203.png
26.60194,-15.433792,2.4622865,0,image_9204.png
6.4864235,4.987332,2.6524644,5,image_9205.png
21.312508,4.1383896,0.29173076,6,image_9206.png
7.950761,0.32614532,-4.712061,5,image_9207.png
-0.3348629,3.785084,-8.923687,8,image_9208.png
17.349934,-14.465466,3.2552323,0,image_9209.png
24.043602,6.7245154,-8.623987,6,image_9210.png
-11.902455,-8.280588,11.754377,2,image_9211.png
-6.8794055,-17.798616,4.744575,2,image_9212.png
-8.170981,-3.5336924,-6.2803307,8,image_9213.png
-17.543736,13.670277,-7.295957,7,image_9214.png
12.291728,-13.733662,4.442203,0,image_9215.png
-16.837715,-0.3900739,-6.7789845,4,image_9216.png
19.27096,6.508717,1.1983426,6,image_9217.png
-13.243331,-14.954292,12.223645,2,image_9218.png
-5.3279777,-3.04723,-9.710897,8,image_9219.png
-17.06028,19.251696,3.1715167,8,image_9220.png
-21.304863,-3.115838,-7.815593,1,image_9221.png
14.561752,-10.89103,1.2572917,0,image_9222.png
-11.863721,15.008096,-6.270537,7,image_9223.png
-17.69281,11.238994,3.8100114,7,image_9224.png
2.7495506,14.062456,-6.73197,9,image_9225.png
4.773251,-6.44056,-15.511138,3,image_9226.png
-16.572098,-3.0282128,-14.230535,1,image_9227.png
7.21312,3.5981934,4.457488,5,image_9228.png
1.5323629,19.18206,-7.549004,9,image_9229.png
0.016349636,-17.165384,-9.242779,3,image_9230.png
-5.952519,-18.202831,10.535711,2,image_9231.png
5.914864,-0.66331744,0.3479974,5,image_9232.png
17.34503,8.705937,0.63871914,6,image_9233.png
-6.1181893,-7.16217,-6.3341465,8,image_9234.png
-10.459038,7.7673397,-4.31596,7,image_9235.png
6.9609776,-1.2779413,-0.2497495,5,image_9236.png
18.640995,7.7127895,0.34134167,6,image_9237.png
-2.0702891,17.712526,-9.233417,9,image_9238.png
22.13771,7.3865137,-2.9740295,6,image_9239.png
-17.44319,-1.850619,-6.310888,1,image_9240.png
-8.230768,-3.5617707,-7.2437797,8,image_9241.png
-7.27067,-9.8579855,15.260133,2,image_9242.png
-14.186411,10.714414,1.6042126,7,image_9243.png
20.373587,8.250445,-8.545508,6,image_9244.png
-1.3407182,15.908942,2.9856524,4,image_9245.png
-5.7913756,-18.060244,10.477882,2,image_9246.png
-3.7773228,18.140572,-4.7479124,9,image_9247.png
-10.50171,2.2280025,5.462947,2,image_9248.png
0.5211609,-15.098887,12.724268,2,image_9249.png
-0.0930592,1.2726467,-5.7822895,8,image_9250.png
-19.575449,-3.8125556,-11.615902,1,image_9251.png
-2.4763584,-12.429916,11.705561,2,image_9252.png
-2.8203077,-11.156355,-11.621716,3,image_9253.png
19.923128,2.4890163,1.0780826,6,image_9254.png
-4.423915,-5.934052,-16.438808,3,image_9255.png
-9.862364,-7.6289597,-19.011902,1,image_9256.png
17.383192,-17.778843,7.0005617,0,image_9257.png
1.0473578,3.4065478,13.324081,2,image_9258.png
6.878079,-0.61179274,3.0026748,5,image_9259.png
-15.473605,-0.53882325,-17.748734,1,image_9260.png
3.3573158,2.9278076,10.736424,5,image_9261.png
21.954395,9.004193,-3.9255874,6,image_9262.png
-11.461102,14.0993805,-5.5221467,7,image_9263.png
-16.18387,-4.163367,-12.213197,1,image_9264.png
1.4455962,18.569895,-7.1033597,9,image_9265.png
-13.53736,9.055107,4.563627,2,image_9266.png
-11.10797,12.663355,-5.045675,7,image_9267.png
0.52145475,-8.184847,-15.0717,3,image_9268.png
12.33442,-18.035496,5.2447295,0,image_9269.png
-15.180791,9.366322,-10.226424,7,image_9270.png
-7.047604,-19.524616,5.9766197,2,image_9271.png
1.7718596,-9.391772,-16.186502,3,image_9272.png
-12.140655,14.971873,-6.375478,7,image_9273.png
-17.207544,11.605192,-5.8653793,7,image_9274.png
3.5782397,13.498647,-7.388864,9,image_9275.png
-4.6401954,16.523266,4.256469,7,image_9276.png
-21.218113,-3.1752048,-10.284551,1,image_9277.png
4.7374196,-10.723164,-17.039938,3,image_9278.png
7.110896,4.8824224,0.5308282,3,image_9279.png
19.96248,4.1411123,2.8811805,6,image_9280.png
18.560123,4.0290704,2.1296525,6,image_9281.png
5.5884233,21.481554,-0.21861808,4,image_9282.png
-11.086229,12.466632,-4.863289,7,image_9283.png
-5.8757076,-17.40963,9.7555685,2,image_9284.png
-7.25157,-6.543413,-6.072152,8,image_9285.png
-9.925166,10.623289,-7.2096777,7,image_9286.png
10.411039,-10.840183,3.0523055,0,image_9287.png
-16.144287,-6.1822743,-8.433346,1,image_9288.png
7.1779547,5.0694275,-0.17745174,3,image_9289.png
10.98123,11.176655,-0.14053644,9,image_9290.png
6.6673894,5.590251,5.4413347,5,image_9291.png
-20.836637,-2.176651,-10.404144,1,image_9292.png
-4.373794,-11.103776,-10.990767,3,image_9293.png
-13.498778,7.6934824,0.43744326,3,image_9294.png
17.54245,7.869608,1.4133197,6,image_9295.png
22.206505,-20.277534,9.032167,0,image_9296.png
20.06894,-12.492399,9.227131,0,image_9297.png
-18.494465,-1.8920871,0.69374007,1,image_9298.png
-18.099113,-7.862145,-2.6992588,1,image_9299.png
7.243636,-13.723459,-12.993625,3,image_9300.png
1.0781074,-18.613226,18.534056,2,image_9301.png
0.06169767,-4.2360725,11.485478,3,image_9302.png
2.429257,-10.505732,-19.875933,3,image_9303.png
-2.7381542,18.933306,-9.568039,9,image_9304.png
27.198689,6.950951,-6.278048,6,image_9305.png
7.949628,20.839958,-11.992474,9,image_9306.png
-20.189318,20.677788,-6.3029795,7,image_9307.png
5.2293177,20.698427,-10.115159,9,image_9308.png
-6.098429,-1.7637197,3.5802345,8,image_9309.png
23.906544,-16.956835,2.47626,0,image_9310.png
-7.8053584,21.552998,2.3334231,9,image_9311.png
-17.736624,-3.855122,-3.8992064,1,image_9312.png
27.142294,-13.024252,7.8333416,0,image_9313.png
-5.956483,-3.3281755,-8.548155,8,image_9314.png
-22.161186,-7.881754,-4.44085,1,image_9315.png
21.574385,6.858425,2.738649,6,image_9316.png
1.2721751,-19.001488,18.587135,2,image_9317.png
-11.224165,-22.68262,5.429067,2,image_9318.png
5.191631,-12.883044,-17.127665,3,image_9319.png
2.972856,0.19733575,7.2028217,5,image_9320.png
8.096872,19.174423,0.97965497,4,image_9321.png
16.616781,-15.368328,-0.36175698,0,image_9322.png
4.3546185,2.2832673,14.767129,5,image_9323.png
0.17796215,-14.47254,-8.395026,3,image_9324.png
21.713797,0.4736919,8.238782,6,image_9325.png
5.4632173,-8.716953,-5.570942,5,image_9326.png
-16.628498,16.111225,-5.3682957,7,image_9327.png
7.222391,0.17088005,1.7991292,5,image_9328.png
27.622328,-13.173663,8.474137,0,image_9329.png
2.1973948,0.6342888,5.6172075,5,image_9330.png
-25.906542,-3.181947,4.7296987,1,image_9331.png
-21.067837,-4.188025,1.1272889,1,image_9332.png
-0.37856582,-19.41814,17.761507,2,image_9333.png
-5.7791953,1.204547,-7.23667,8,image_9334.png
7.7326913,-13.298456,-10.154567,3,image_9335.png
11.885423,-3.1763732,-12.348757,5,image_9336.png
10.35341,17.619322,3.0057096,4,image_9337.png
21.043583,7.9752474,0.56601614,6,image_9338.png
5.393233,1.3001848,14.357996,5,image_9339.png
11.500681,-8.681224,-6.315467,5,image_9340.png
26.189688,11.097318,1.8227651,6,image_9341.png
15.633096,-18.620768,5.665756,0,image_9342.png
-20.713907,17.746561,-0.6744755,7,image_9343.png
3.618807,-1.6630385,-12.885726,5,image_9344.png
-1.9354568,-4.9520726,3.9643993,8,image_9345.png
6.2494636,21.17137,-11.078197,9,image_9346.png
-7.500636,21.866373,4.9413958,9,image_9347.png
28.254858,7.4159393,-7.974004,4,image_9348.png
-3.8494904,-2.2876413,-4.313387,8,image_9349.png
-23.56661,-4.315215,-10.112326,1,image_9350.png
-18.006443,16.05219,-4.8204117,7,image_9351.png
7.049869,4.5645866,1.1057558,5,image_9352.png
3.410247,18.416101,3.7970119,4,image_9353.png
-15.967458,0.5315585,-11.73329,1,image_9354.png
6.4520707,-15.038141,-15.609393,3,image_9355.png
-16.850187,16.57988,-7.118582,7,image_9356.png
-5.676849,23.621004,-1.7395027,9,image_9357.png
-4.883769,-1.963381,-4.134899,8,image_9358.png
-3.3750534,-5.833678,-7.8979416,8,image_9359.png
-6.1350017,-13.630191,10.043588,2,image_9360.png
-5.2469654,0.12056056,-1.5553356,8,image_9361.png
-0.024891011,16.08701,5.547955,4,image_9362.png
3.4648175,-13.694388,-19.481995,3,image_9363.png
0.7957231,-2.7697716,-13.261388,8,image_9364.png
-20.806004,-8.727364,3.2359765,1,image_9365.png
8.961929,0.91204596,-6.3668003,5,image_9366.png
1.9901438,1.8793453,15.233994,5,image_9367.png
9.160222,2.179781,-10.619479,5,image_9368.png
-2.3988707,-8.321926,0.9245074,8,image_9369.png
-0.097873434,9.954641,2.25401,4,image_9370.png
0.8752389,-20.103865,14.534856,2,image_9371.png
-3.3984563,-9.75568,-10.29887,9,image_9372.png
-18.226456,12.414901,-5.483638,7,image_9373.png
-11.123232,-14.01568,7.6050634,2,image_9374.png
6.6707683,18.858046,6.5311756,4,image_9375.png
3.5953498,2.8432136,8.296863,5,image_9376.png
1.4205241,-15.785599,22.570623,2,image_9377.png
-10.558099,-1.1988621,-23.668484,1,image_9378.png
22.809477,10.793409,-2.7820883,6,image_9379.png
9.0113945,-5.806784,-19.237108,3,image_9380.png
6.473915,-1.2290214,1.9857446,5,image_9381.png
-19.094341,10.029374,4.538967,7,image_9382.png
-6.9037642,-14.060407,15.826232,2,image_9383.png
6.1525264,6.314621,8.087989,5,image_9384.png
6.6501827,20.538511,3.7020352,4,image_9385.png
-13.614289,-21.089884,7.4461865,3,image_9386.png
8.059589,-1.4879725,5.9723334,5,image_9387.png
2.9948874,19.723297,2.0285492,4,image_9388.png
24.677532,11.13371,2.1680026,6,image_9389.png
16.187325,19.692923,7.0400043,9,image_9390.png
1.6695117,18.073275,7.0748105,4,image_9391.png
13.228959,19.15573,1.6321172,4,image_9392.png
-22.563995,-4.6756516,5.9995775,1,image_9393.png
0.52423894,21.197153,-4.3857994,9,image_9394.png
-19.294552,13.72471,0.6282146,7,image_9395.png
-10.449452,-2.3705435,6.2937503,2,image_9396.png
4.3039975,2.905726,14.519831,5,image_9397.png
-12.605752,-19.77573,7.657449,2,image_9398.png
-23.826738,-5.3942113,4.986717,1,image_9399.png
6.775352,-10.27406,-16.79181,3,image_9400.png
6.8703775,-20.801659,-11.226875,3,image_9401.png
16.043257,-15.977185,-3.3269272,0,image_9402.png
2.6529443,-10.500493,-19.730217,3,image_9403.png
-21.84055,-2.4496717,-0.23216705,1,image_9404.png
26.355776,9.620421,-0.088912055,6,image_9405.png
11.347369,-16.607552,2.813381,0,image_9406.png
-10.014874,18.880886,4.5469723,9,image_9407.png
6.080759,0.50012445,-13.017258,8,image_9408.png
25.83511,-0.3724041,6.9880457,6,image_9409.png
11.244515,23.174076,-4.3487353,4,image_9410.png
3.6844456,-19.369501,-16.725891,3,image_9411.png
2.7265313,-16.147385,-6.725434,3,image_9412.png
7.2747774,-14.742946,-9.937258,3,image_9413.png
9.491102,-13.571681,-8.564422,5,image_9414.png
-20.163933,-5.599245,-8.888752,1,image_9415.png
-15.056588,17.349495,-12.567538,7,image_9416.png
19.328024,4.735558,11.455286,6,image_9417.png
4.3864594,-13.399631,-17.347595,3,image_9418.png
9.027101,-8.268352,-1.0308028,5,image_9419.png
1.0437284,-7.3762164,-15.557755,3,image_9420.png
24.290009,1.6031386,2.1227512,6,image_9421.png
18.881018,-16.097673,-1.7104713,0,image_9422.png
-14.392709,-6.8089385,-10.42035,1,image_9423.png
2.952346,-15.365057,-10.233958,3,image_9424.png
-7.4857097,16.712015,0.1171095,9,image_9425.png
-14.57043,18.445347,-14.912158,7,image_9426.png
1.5676773,-21.462997,-9.194953,3,image_9427.png
15.831867,-17.106638,-7.95315,9,image_9428.png
-19.656374,15.629258,1.101096,7,image_9429.png
-18.321316,-0.57812893,-6.7123733,1,image_9430.png
3.7688348,20.371801,8.061493,4,image_9431.png
-11.293275,8.595027,-4.9088273,7,image_9432.png
-1.5659289,23.2715,-9.630097,7,image_9433.png
-11.261937,16.133505,-4.879631,7,image_9434.png
27.792408,-13.233812,8.762852,0,image_9435.png
7.076891,22.899174,5.1429815,4,image_9436.png
-4.788716,25.323975,1.2882589,9,image_9437.png
17.805826,-0.78815573,0.76097506,6,image_9438.png
21.307104,-19.942291,11.521122,0,image_9439.png
24.990335,-18.22099,1.5887592,0,image_9440.png
18.625538,-16.748705,14.98252,0,image_9441.png
-14.3556595,-5.7668447,-4.7907634,4,image_9442.png
3.377321,-20.624489,-4.50869,3,image_9443.png
-17.81897,14.128477,-2.9787679,7,image_9444.png
-21.980843,15.518186,-2.7027898,7,image_9445.png
21.529587,4.546463,2.2339725,6,image_9446.png
-8.082707,20.659292,5.255076,9,image_9447.png
-1.741357,-3.8293645,-7.4193354,9,image_9448.png
-7.693544,-8.527765,15.427237,2,image_9449.png
13.234349,-3.6239665,-4.63719,5,image_9450.png
21.491167,-17.666182,12.600006,0,image_9451.png
19.954529,-11.472122,-1.336871,0,image_9452.png
-20.776964,-9.570811,2.4805026,1,image_9453.png
-11.77385,17.193542,-6.41846,7,image_9454.png
13.349856,-9.583126,5.2700095,0,image_9455.png
27.481058,-13.021077,5.7457824,0,image_9456.png
-20.833994,-7.1986437,1.037611,1,image_9457.png
22.909275,-16.754637,-1.5172397,0,image_9458.png
18.90296,-21.796738,4.0154467,0,image_9459.png
18.568209,0.032156616,4.323747,6,image_9460.png
-2.3236785,14.63341,8.70327,4,image_9461.png
6.1961975,-2.0989487,-1.8479795,5,image_9462.png
10.140571,-14.782086,10.354865,0,image_9463.png
4.208006,0.6273023,2.7480087,5,image_9464.png
1.215887,14.01781,2.862782,4,image_9465.png
0.85878533,-7.0081496,-17.390097,3,image_9466.png
-19.49465,15.960959,0.8954646,7,image_9467.png
23.326206,10.791208,-12.261609,6,image_9468.png
-9.280032,19.328533,9.332897,9,image_9469.png
-11.231924,8.971685,-5.101796,7,image_9470.png
-7.693246,-16.460962,17.770702,2,image_9471.png
-8.380596,-6.225259,14.856168,2,image_9472.png
14.015953,-19.504772,2.4316177,0,image_9473.png
-15.335065,0.41071525,-12.847923,1,image_9474.png
23.955357,-0.517118,7.3107915,6,image_9475.png
27.528023,-12.732237,2.4413674,0,image_9476.png
0.7802737,-16.361431,23.20849,2,image_9477.png
20.736408,-20.083914,3.08301,0,image_9478.png
1.4727217,-15.770445,22.636812,2,image_9479.png
-16.207006,-1.225897,-15.37169,1,image_9480.png
-9.336919,19.356081,9.678841,9,image_9481.png
-1.8239168,-11.853352,-12.362706,3,image_9482.png
-14.431612,15.227335,10.808001,9,image_9483.png
-5.4889297,-21.157373,9.79314,2,image_9484.png
22.84447,-11.312766,-0.9778531,0,image_9485.png
22.115868,8.244926,-6.7992363,6,image_9486.png
-11.2193575,-4.339347,-20.068048,1,image_9487.png
-1.8079832,-17.06147,10.4315195,2,image_9488.png
1.0804931,-20.730412,9.106269,2,image_9489.png
-0.3846059,-0.99394953,-9.52666,8,image_9490.png
1.2217698,-7.5656333,-19.438705,3,image_9491.png
-16.035873,-1.8111597,-5.4229975,1,image_9492.png
7.644701,22.243326,-3.7170076,4,image_9493.png
-14.900493,18.443483,-13.96324,7,image_9494.png
7.003041,3.5910184,8.39793,5,image_9495.png
9.221282,17.094961,0.5432048,4,image_9496.png
26.359259,11.988442,-8.238288,6,image_9497.png
-11.597048,9.470782,-3.076841,7,image_9498.png
-13.927934,20.051796,-14.460009,7,image_9499.png
19.384602,7.4744635,11.583258,6,image_9500.png
-4.1983786,7.5620766,12.030834,8,image_9501.png
-14.910974,18.224321,-13.881537,7,image_9502.png
-0.14093345,16.129078,-11.08574,9,image_9503.png
-15.410952,15.045605,4.5084076,9,image_9504.png
22.815561,-10.643643,-1.0324512,0,image_9505.png
13.424871,-12.945454,9.6760645,0,image_9506.png
-12.4050045,-3.469439,-21.129112,1,image_9507.png
-11.442135,-22.349178,5.5471325,2,image_9508.png
-1.2855135,-19.908148,9.9724045,2,image_9509.png
-23.206375,14.442756,0.75836605,7,image_9510.png
-0.5830259,-12.253721,-18.746271,3,image_9511.png
19.070147,8.972202,5.407462,6,image_9512.png
2.94805,15.042531,-11.903361,4,image_9513.png
8.015949,-1.5359746,-7.3024063,5,image_9514.png
6.9258914,3.5001354,9.146157,5,image_9515.png
-4.5407004,-11.971017,-12.383587,3,image_9516.png
24.232166,9.624181,-12.084444,6,image_9517.png
1.5737338,-17.306467,7.326905,2,image_9518.png
-12.4086,18.380913,-10.143945,7,image_9519.png
3.842304,-10.716318,-17.746449,3,image_9520.png
-4.6828237,0.57259834,-0.96943754,8,image_9521.png
-20.635788,18.092478,-7.0560603,7,image_9522.png
23.40138,-12.481291,-1.7466004,0,image_9523.png
22.313488,-18.265139,1.8911242,0,image_9524.png
-14.671774,-6.240634,-17.853977,1,image_9525.png
17.489681,1.5447,10.696729,6,image_9526.png
1.1446109,-21.574144,9.3389,2,image_9527.png
16.474539,0.16732284,1.1803749,8,image_9528.png
-1.1369445,-11.834303,-17.982666,3,image_9529.png
15.058154,-14.804624,5.4888134,0,image_9530.png
6.39767,3.398967,7.7952456,5,image_9531.png
8.032341,17.881325,-11.503131,9,image_9532.png
25.096521,11.276656,-9.593213,6,image_9533.png
14.6837,5.695251,5.1175904,6,image_9534.png
-13.301738,19.641613,-11.111258,7,image_9535.png
12.501589,17.256773,2.6256876,4,image_9536.png
-3.0319355,8.578909,11.56028,8,image_9537.png
-22.97101,11.012459,6.9231596,7,image_9538.png
8.7550535,-0.20034902,11.791803,5,image_9539.png
-22.876772,-2.8971813,-6.5680566,1,image_9540.png
-1.1179805,10.281184,-4.709624,4,image_9541.png
-8.240261,-20.535028,4.4204974,2,image_9542.png
-4.2001905,7.468967,11.742626,8,image_9543.png
24.252483,-12.002788,6.092842,0,image_9544.png
-11.103131,15.288668,-5.575675,7,image_9545.png
-2.0039587,-16.901358,9.79932,2,image_9546.png
-0.9767167,10.368643,-4.131493,4,image_9547.png
-12.746392,10.102766,-5.8070517,7,image_9548.png
-12.42014,19.090117,-11.681194,7,image_9549.png
-11.838595,-4.838802,-12.64654,1,image_9550.png
-10.506794,15.293826,-5.3467054,7,image_9551.png
18.468876,14.671998,-11.277526,0,image_9552.png
3.9783163,-9.954162,-11.367926,3,image_9553.png
-4.202201,-3.905346,8.900013,8,image_9554.png
0.34158802,16.074827,-11.336621,9,image_9555.png
16.952335,4.911051,-1.9315333,6,image_9556.png
-4.803529,6.737635,10.828106,8,image_9557.png
7.0363193,12.128483,-0.9506373,4,image_9558.png
-3.0832021,8.4381695,11.507984,8,image_9559.png
-14.739918,9.29913,-9.13055,7,image_9560.png
-2.1803648,-9.925408,-14.585159,3,image_9561.png
-13.951177,-4.049298,-20.811115,1,image_9562.png
-10.685641,-3.8830497,-18.16453,1,image_9563.png
1.0627387,0.09760019,-11.790362,8,image_9564.png
9.019548,0.8163171,-0.228624,5,image_9565.png
6.5480375,12.655292,-1.0162508,4,image_9566.png
-4.790838,6.7649345,10.922478,8,image_9567.png
15.368612,2.2174811,6.4764085,5,image_9568.png
-5.8527813,-12.284978,6.464806,2,image_9569.png
-17.223238,0.043036908,-11.659221,1,image_9570.png
-12.852608,17.554224,-8.629932,7,image_9571.png
-13.158828,-12.372222,5.9052596,2,image_9572.png
5.628592,22.794365,-4.632361,4,image_9573.png
21.830757,11.602948,-13.414302,6,image_9574.png
-9.997263,-14.935927,5.525858,2,image_9575.png
20.248236,7.9443502,-5.8553452,6,image_9576.png
20.941414,8.487155,-6.0588975,6,image_9577.png
5.5072064,-1.036535,0.760441,5,image_9578.png
-16.425152,-3.4301033,-13.286026,1,image_9579.png
20.088953,7.8700123,7.7994385,6,image_9580.png
9.8264885,-0.1401267,10.034965,5,image_9581.png
-11.703417,9.571312,-5.7221007,7,image_9582.png
-1.9640054,-13.254554,8.653739,2,image_9583.png
-18.778896,-4.749971,-17.351152,1,image_9584.png
4.712816,22.197325,-3.4291368,4,image_9585.png
8.410847,16.507801,9.244333,4,image_9586.png
8.653294,-2.5618708,-1.2232214,5,image_9587.png
-10.5043125,-1.7115356,-20.13334,7,image_9588.png
9.315888,0.60724473,-0.28642,5,image_9589.png
-19.91568,-2.3893943,-12.542523,1,image_9590.png
-4.1158004,7.0463424,10.722032,8,image_9591.png
5.515212,-8.447235,-19.420425,3,image_9592.png
22.39194,11.11861,-2.694315,6,image_9593.png
-6.6276045,1.165248,-2.7444546,8,image_9594.png
3.6940553,19.47651,-4.054923,4,image_9595.png
23.12858,0.1449416,9.042315,6,image_9596.png
5.9073367,21.029018,-4.8585176,4,image_9597.png
-10.325838,15.301054,-7.637973,7,image_9598.png
-11.456245,-3.6250334,-19.528364,1,image_9599.png
-9.753233,-15.523462,10.495987,2,image_9600.png
-4.63555,6.835234,10.876967,8,image_9601.png
-4.985636,-6.504008,-14.180159,3,image_9602.png
-12.949935,18.902502,-10.480095,7,image_9603.png
-2.7075102,-17.188046,7.9727306,2,image_9604.png
9.070802,0.3750107,4.812274,5,image_9605.png
-16.600325,10.816994,-1.78934,7,image_9606.png
4.2645326,2.7752213,11.069997,5,image_9607.png
-1.8780701,-14.67745,-12.523772,8,image_9608.png
-12.104887,-4.132275,-16.386642,1,image_9609.png
5.5746574,-9.861197,-12.122471,3,image_9610.png
-2.7942173,9.063782,11.492207,8,image_9611.png
1.4555523,-8.9521885,-18.335556,3,image_9612.png
8.616628,19.271034,-9.406308,9,image_9613.png
2.9500349,17.304462,-11.225961,9,image_9614.png
-13.143575,-2.022658,-15.4172125,1,image_9615.png
-21.292192,-8.344275,-6.5681124,1,image_9616.png
4.8675346,-14.72442,-11.811799,3,image_9617.png
-16.73459,-2.4550622,-13.16075,1,image_9618.png
21.977577,11.156776,-3.4207559,6,image_9619.png
1.1161274,-7.2124047,-17.155998,3,image_9620.png
-1.2125312,-12.238336,-17.604687,3,image_9621.png
-18.346706,-5.920777,3.7942688,1,image_9622.png
1.8469989,-14.166626,-11.601735,3,image_9623.png
6.6274333,-2.5867486,-14.075518,3,image_9624.png
3.1571019,-21.353798,10.813005,2,image_9625.png
2.9260914,20.09526,-2.47208,4,image_9626.png
-0.18394208,-20.357458,8.68271,2,image_9627.png
-11.234576,-2.6448832,-20.66247,1,image_9628.png
22.079268,6.226295,-6.3090186,6,image_9629.png
0.09208528,14.769774,-9.720245,9,image_9630.png
3.0082421,17.323183,-11.153169,9,image_9631.png
4.5005836,20.423885,0.1466381,4,image_9632.png
-0.15843397,15.463182,-11.301319,9,image_9633.png
11.596181,19.982018,-3.1810896,4,image_9634.png
22.513813,5.7292767,-7.0294046,6,image_9635.png
0.19863605,-12.963911,-10.124402,3,image_9636.png
-1.1937414,-11.101107,-18.02321,3,image_9637.png
5.0459847,-16.377367,-8.967627,3,image_9638.png
-0.9376597,-12.037438,-18.410395,3,image_9639.png
-7.5807486,-1.1066655,5.224348,8,image_9640.png
-20.369709,0.7202178,5.9982834,8,image_9641.png
2.6703086,19.818865,-10.203231,9,image_9642.png
-14.955154,-5.53626,-17.781265,1,image_9643.png
-22.628536,15.274253,1.6825973,7,image_9644.png
22.593,5.378959,-7.6157994,6,image_9645.png
7.815023,-3.6641076,1.0163552,5,image_9646.png
9.088632,0.18565711,10.298048,5,image_9647.png
-0.23524296,-12.506376,-11.736603,3,image_9648.png
22.359173,5.420839,-6.2841296,6,image_9649.png
2.143518,-0.97820425,-9.184664,8,image_9650.png
-2.6823492,9.363069,11.441873,8,image_9651.png
8.187817,-0.90831304,-1.8039749,5,image_9652.png
-15.040881,-5.7289762,-17.467716,1,image_9653.png
5.0671015,15.5967245,-6.8914967,9,image_9654.png
1.29341,16.51976,-11.230924,9,image_9655.png
-11.234285,16.048355,-4.896813,7,image_9656.png
-12.80995,18.426895,-10.030012,7,image_9657.png
4.355993,-17.942745,17.059963,2,image_9658.png
22.337341,5.4165754,-6.2568455,6,image_9659.png
-16.570581,19.220263,-11.122073,7,image_9660.png
-3.4616063,7.2812037,10.467164,8,image_9661.png
25.924139,4.4294167,-5.862673,6,image_9662.png
-0.615908,-12.219277,-18.62946,3,image_9663.png
8.569824,-10.518411,-12.241994,3,image_9664.png
-13.242127,19.542713,-10.78942,7,image_9665.png
19.262955,-17.74819,5.3765206,0,image_9666.png
6.7953205,22.543407,-5.228321,4,image_9667.png
-7.2220016,-21.626778,10.291793,2,image_9668.png
-12.921266,18.883066,-10.639435,7,image_9669.png
-2.2833562,-9.177569,-15.972948,3,image_9670.png
15.8743725,-10.03903,0.7289557,0,image_9671.png
-11.681213,-18.000587,10.980102,2,image_9672.png
2.4999626,17.015402,-11.258155,9,image_9673.png
-19.928978,-8.243783,5.6867576,1,image_9674.png
11.153602,-16.944963,3.4106467,0,image_9675.png
-19.963263,10.277145,-2.0641704,7,image_9676.png
15.881129,1.6703912,0.98661226,0,image_9677.png
-16.525211,-1.314338,-10.078311,1,image_9678.png
5.8212795,-14.534341,-12.206044,3,image_9679.png
1.6923366,-9.137033,-16.179295,3,image_9680.png
-13.221324,19.489178,-10.525819,7,image_9681.png
-4.111583,-14.065777,12.957945,2,image_9682.png
1.1256464,16.4455,-11.272918,9,image_9683.png
6.3099117,-0.5819023,2.843265,5,image_9684.png
6.1979413,-13.641572,-13.471611,3,image_9685.png
5.453631,2.943183,-7.183329,8,image_9686.png
23.59938,-9.670852,-0.66603255,0,image_9687.png
26.300737,-15.732616,2.275206,0,image_9688.png
1.0403874,-21.526102,9.349012,2,image_9689.png
8.417712,-6.1246157,-3.8345835,5,image_9690.png
14.792154,-9.895054,-0.3146456,0,image_9691.png
20.409912,0.27203628,3.6337144,6,image_9692.png
-17.488556,-6.431056,-17.371786,1,image_9693.png
1.6641307,-0.98988426,-8.701315,8,image_9694.png
23.314478,-11.757264,-0.79245764,0,image_9695.png
0.45391092,-14.316085,-10.289568,3,image_9696.png
-12.58256,-4.419589,-16.412685,1,image_9697.png
23.62476,-19.609825,7.617658,0,image_9698.png
22.979414,-11.64363,-1.3346491,0,image_9699.png
19.955442,6.5012436,0.8161622,6,image_9700.png
5.598138,23.119524,-2.6385543,4,image_9701.png
18.224937,0.61001337,0.06840217,6,image_9702.png
15.952091,-10.133242,0.62394005,0,image_9703.png
7.308088,18.688362,0.4009078,4,image_9704.png
-16.249426,-3.463566,-13.99527,1,image_9705.png
7.128199,-12.030685,-11.742078,3,image_9706.png
16.075579,-10.053835,0.64419514,0,image_9707.png
-3.3036861,14.601433,-7.4859095,9,image_9708.png
8.564788,18.719965,-1.7193632,4,image_9709.png
23.80858,-14.276189,-0.14400424,0,image_9710.png
-12.666919,18.14888,-9.677784,7,image_9711.png
-2.6386986,-17.352198,7.730684,2,image_9712.png
0.4604365,16.003725,-11.646038,9,image_9713.png
9.797771,24.241081,-5.283047,4,image_9714.png
-0.2545523,-20.468477,8.664837,2,image_9715.png
-10.913508,11.097323,-8.776031,7,image_9716.png
23.612709,-9.657003,-0.659595,0,image_9717.png
-2.1453462,17.46462,-12.774823,4,image_9718.png
22.247484,5.2841125,-6.082941,6,image_9719.png
19.613462,-13.140209,-1.4789779,0,image_9720.png
-5.9015574,-12.236771,6.419419,2,image_9721.png
-11.521867,-14.928776,6.938579,2,image_9722.png
22.13428,11.795556,-3.7256908,6,image_9723.png
-18.810452,12.412178,-2.711425,7,image_9724.png
0.6861893,-20.963753,14.266109,2,image_9725.png
-2.7448504,2.0536225,-7.107535,8,image_9726.png
-0.2497431,-20.630308,8.389352,2,image_9727.png
-3.846294,16.188478,-6.2382636,9,image_9728.png
5.7824297,15.211031,-9.185532,9,image_9729.png
6.1761823,-15.5678835,-14.115659,3,image_9730.png
-0.11421712,15.782844,-11.49698,9,image_9731.png
1.2474811,1.9435583,-6.0772486,8,image_9732.png
20.644426,-18.199913,8.90433,0,image_9733.png
-20.873985,-4.8478518,-15.086911,1,image_9734.png
-20.615143,-4.4195366,-0.13987975,1,image_9735.png
-13.825654,-18.472216,6.357983,2,image_9736.png
-5.665847,-16.539942,14.510719,2,image_9737.png
9.037868,3.7125323,9.854652,5,image_9738.png
5.180489,-16.471903,-12.916013,3,image_9739.png
-13.9617405,15.546083,-14.846363,7,image_9740.png
1.837104,17.942877,8.060404,4,image_9741.png
17.698557,-15.412094,2.7789402,0,image_9742.png
8.301443,0.21459165,10.827171,5,image_9743.png
12.581251,-15.298398,2.1171262,0,image_9744.png
25.647112,8.610678,-2.2535079,6,image_9745.png
3.879344,14.2059,-0.85662955,4,image_9746.png
-18.32276,11.125101,2.2937994,7,image_9747.png
-12.606841,-12.78461,2.7968113,2,image_9748.png
1.8135073,-4.6035867,2.0098197,8,image_9749.png
21.500078,-15.354195,5.437476,0,image_9750.png
-8.792149,15.190706,1.8569137,9,image_9751.png
-0.17476806,16.916723,-8.3331585,9,image_9752.png
22.617548,-16.860394,12.423392,0,image_9753.png
-4.2087507,16.057991,-5.2671022,9,image_9754.png
-19.328571,-6.5034785,2.5295057,1,image_9755.png
-11.993694,-24.22869,4.8597684,2,image_9756.png
-0.65466976,-17.429739,17.77527,2,image_9757.png
-6.163707,12.559512,-4.5910907,9,image_9758.png
-1.3138431,-18.756151,-4.414019,3,image_9759.png
19.951143,9.2694435,-5.937519,6,image_9760.png
1.5723971,17.8453,8.721892,4,image_9761.png
-10.347648,-5.2330837,-0.5470335,8,image_9762.png
2.992184,2.009592,12.997932,5,image_9763.png
-1.3367947,-3.909376,-1.8192575,8,image_9764.png
26.968147,2.4919968,5.7579446,6,image_9765.png
2.9040709,-15.4865265,-12.351166,3,image_9766.png
-21.071186,16.762512,1.1867476,7,image_9767.png
-16.36076,11.536534,-6.4644337,7,image_9768.png
9.2203455,1.4332162,7.5758004,8,image_9769.png
2.676456,3.057253,5.407553,5,image_9770.png
-6.712077,18.911613,0.33638576,9,image_9771.png
-9.671936,-20.807686,5.499474,2,image_9772.png
20.848618,-17.37914,9.677499,0,image_9773.png
-18.598867,-3.7499337,-8.373588,7,image_9774.png
-20.11134,-8.868035,5.914428,1,image_9775.png
-10.229844,-21.243057,7.725769,2,image_9776.png
-0.8349139,-18.364769,19.08717,2,image_9777.png
8.606739,-9.752217,-16.316408,3,image_9778.png
2.438034,-17.098701,-7.636233,3,image_9779.png
-4.5286965,-18.006628,11.21519,2,image_9780.png
0.6856027,17.058535,12.921132,4,image_9781.png
-20.680504,-0.17073882,-2.916325,8,image_9782.png
6.4250064,-3.055173,10.284974,5,image_9783.png
-11.439594,15.207968,-0.007076919,9,image_9784.png
28.180634,5.553446,3.7178078,6,image_9785.png
1.4541651,-9.40214,-11.43633,3,image_9786.png
-21.372292,15.325159,1.9088278,7,image_9787.png
-5.1427712,-18.063885,5.6793094,7,image_9788.png
11.352772,-5.6535344,1.0066445,8,image_9789.png
13.772851,-10.151634,2.6911724,0,image_9790.png
-12.294589,12.815734,10.971238,9,image_9791.png
-7.1640096,-2.4986517,-7.72568,8,image_9792.png
-17.066784,11.289814,-2.0849352,7,image_9793.png
5.8675485,1.0045836,-13.811278,8,image_9794.png
-4.0782776,12.622138,6.2261767,4,image_9795.png
-18.329018,-4.3689747,-2.9183245,1,image_9796.png
2.6021829,-17.837803,-7.032382,3,image_9797.png
18.008183,6.6823835,-0.8918347,6,image_9798.png
1.6773381,-4.59469,2.044814,8,image_9799.png
8.4901905,-6.7671194,-4.2881384,5,image_9800.png
6.092114,1.8302122,10.819092,5,image_9801.png
19.283289,1.645212,4.1141586,6,image_9802.png
-23.403442,-5.6699867,-5.9238977,1,image_9803.png
-9.9226265,-2.592876,-21.903242,1,image_9804.png
1.7119647,-7.171603,0.7156579,8,image_9805.png
16.814314,-13.206538,1.1686139,0,image_9806.png
6.179957,-3.2247791,9.876496,5,image_9807.png
21.827505,9.824536,3.826189,6,image_9808.png
-5.347705,-13.561195,14.855624,2,image_9809.png
11.730279,23.3048,-11.064204,9,image_9810.png
-6.356419,-3.4595997,4.052463,8,image_9811.png
0.484197,-8.584256,-10.16135,3,image_9812.png
24.559954,1.896612,7.568397,6,image_9813.png
9.207631,-7.1105704,-15.1223955,5,image_9814.png
-17.69704,-3.4820683,-3.82811,1,image_9815.png
16.954262,2.5504146,9.653589,6,image_9816.png
-9.935779,14.38072,5.7352567,9,image_9817.png
22.488308,11.118864,-8.548429,6,image_9818.png
-5.030363,-13.945194,12.819726,2,image_9819.png
23.848309,-17.133457,12.351619,0,image_9820.png
2.0843284,18.074764,7.976991,4,image_9821.png
22.839342,-16.831469,-1.017438,0,image_9822.png
23.13767,-16.201864,11.813955,0,image_9823.png
6.107016,3.3688967,7.767425,5,image_9824.png
-6.0665865,17.922571,4.195394,9,image_9825.png
-0.14611793,-15.58189,8.491072,2,image_9826.png
-8.112812,15.530027,1.1779283,9,image_9827.png
16.515055,4.856416,5.095578,6,image_9828.png
2.6208353,-16.269396,-7.803088,3,image_9829.png
-12.100622,-15.565882,4.150439,2,image_9830.png
-18.520863,10.850407,2.6089694,7,image_9831.png
-6.0752606,-4.7001038,1.5157533,8,image_9832.png
-18.282185,9.049427,2.6567154,7,image_9833.png
23.26089,-20.563576,3.8580995,0,image_9834.png
-10.904372,15.841981,9.265812,9,image_9835.png
-3.8956208,-14.069021,9.2755995,2,image_9836.png
-21.918089,-2.8589158,3.9500403,1,image_9837.png
-3.3167071,21.031528,-3.2478578,9,image_9838.png
-1.185762,-4.725652,1.9635656,8,image_9839.png
15.150144,-14.537427,11.057505,0,image_9840.png
-0.55097395,-18.002636,17.443678,2,image_9841.png
-12.47869,-5.195108,-18.724417,1,image_9842.png
-19.518572,10.904033,4.517175,7,image_9843.png
-8.137307,-3.0573397,-3.2959182,8,image_9844.png
7.0961213,2.0148904,10.491694,5,image_9845.png
-0.105421275,18.038452,-8.869447,9,image_9846.png
1.6102068,-4.532622,2.1303256,8,image_9847.png
1.7783235,-6.6546855,-16.309536,3,image_9848.png
3.3252988,1.5709304,14.471943,5,image_9849.png
-6.669415,-16.226278,10.270712,2,image_9850.png
3.5719173,-21.39748,-4.6741476,3,image_9851.png
0.5786871,-4.936731,-3.3141718,8,image_9852.png
-1.1972721,-18.565563,18.897545,2,image_9853.png
-20.045856,8.657989,5.5516534,7,image_9854.png
-1.3915098,-18.723877,19.210567,2,image_9855.png
-11.758203,-3.4275692,-12.462151,1,image_9856.png
22.666143,-16.393011,12.686949,0,image_9857.png
8.443392,-1.9957345,-11.730922,5,image_9858.png
4.754272,2.3603125,11.577993,5,image_9859.png
19.778215,15.145803,-9.855412,6,image_9860.png
-3.737952,-3.8324203,6.1504974,8,image_9861.png
-13.2907295,-13.416806,11.987723,2,image_9862.png
29.679548,5.262066,2.2701735,6,image_9863.png
6.574412,-12.258793,-18.445047,3,image_9864.png
22.387844,-15.616304,9.183304,0,image_9865.png
-2.7689664,-0.699033,-10.301743,8,image_9866.png
-21.321083,-1.4637719,7.0682435,4,image_9867.png
7.3460155,-12.22557,-11.83601,3,image_9868.png
15.384529,-16.57003,7.958447,0,image_9869.png
-18.350904,19.979492,-2.033188,9,image_9870.png
3.848754,-17.899174,-9.305812,3,image_9871.png
20.002888,7.3940787,9.373115,6,image_9872.png
0.89082,-4.6442995,1.8397411,8,image_9873.png
12.370342,-11.767754,2.6481335,0,image_9874.png
-21.209557,-2.2591476,2.513009,1,image_9875.png
12.585575,21.15869,-8.044318,9,image_9876.png
22.942554,-16.171661,11.571554,0,image_9877.png
-10.225935,7.9542904,-2.2322564,7,image_9878.png
2.3865035,-17.572906,-6.85322,3,image_9879.png
13.419149,20.897411,-4.2120547,4,image_9880.png
23.183033,-16.218605,11.805615,0,image_9881.png
-21.604187,14.701099,-2.6169977,7,image_9882.png
-2.672521,16.349766,7.1226406,4,image_9883.png
-16.071718,-4.3782363,-11.947099,1,image_9884.png
-19.081799,10.202452,6.180745,7,image_9885.png
-16.836992,16.15842,-5.2206206,7,image_9886.png
-2.9246995,16.950212,6.9501266,4,image_9887.png
-8.823611,10.983459,-8.957916,7,image_9888.png
-6.7419734,19.534967,4.5343227,9,image_9889.png
20.576527,-11.457415,-1.2103904,0,image_9890.png
-1.6328678,-19.7612,12.224484,2,image_9891.png
21.820475,10.259459,-9.248495,6,image_9892.png
-6.6547565,18.919573,0.5514758,9,image_9893.png
-13.141627,-12.746306,11.817905,2,image_9894.png
-20.635178,-4.8541055,-1.1586943,1,image_9895.png
0.29297915,19.96821,-6.442929,9,image_9896.png
-8.454448,-13.156558,12.634052,2,image_9897.png
6.5751095,-2.588906,-5.7106304,5,image_9898.png
4.4123883,-1.0339831,10.356611,5,image_9899.png
1.0835974,0.78059995,-6.052166,8,image_9900.png
-19.636517,10.519171,7.862476,7,image_9901.png
-12.439056,-3.9692903,-16.267193,1,image_9902.png
-22.262753,-6.9642415,-5.709381,1,image_9903.png
-0.4260235,-19.54208,-16.625555,3,image_9904.png
-20.112206,18.261972,-6.9548783,7,image_9905.png
-17.976137,-3.708694,-18.259079,1,image_9906.png
-23.697172,-5.885754,-4.1235256,1,image_9907.png
-22.429525,10.920348,7.5043406,7,image_9908.png
24.536352,2.9258847,6.5198026,6,image_9909.png
-13.212176,-4.007959,-16.998384,1,image_9910.png
-19.996176,9.701307,8.824243,7,image_9911.png
4.765306,-18.212402,16.137463,2,image_9912.png
0.9298146,-18.06449,-6.0806384,3,image_9913.png
20.473375,-13.088985,-1.5372661,0,image_9914.png
2.3815827,-18.254227,-7.1885242,3,image_9915.png
2.488405,-20.006483,-13.065971,3,image_9916.png
24.479275,2.7944303,6.543017,6,image_9917.png
-5.1075935,-2.6458726,3.2237635,8,image_9918.png
3.6441004,-0.07984787,14.68954,5,image_9919.png
3.411862,17.121105,0.44012767,4,image_9920.png
24.626125,2.9402082,8.672965,6,image_9921.png
23.603739,-12.85967,7.2117095,0,image_9922.png
-6.1490316,-13.540214,13.436241,2,image_9923.png
-16.784073,-0.5807375,-6.7031727,8,image_9924.png
-1.7978897,-4.6347523,4.348065,8,image_9925.png
16.863642,5.89988,-0.8166978,6,image_9926.png
-16.68646,8.743062,9.979536,7,image_9927.png
19.80313,6.2967577,-5.3577805,6,image_9928.png
22.909857,1.4325815,10.011838,6,image_9929.png
-20.959408,-6.1122975,-11.223662,1,image_9930.png
5.9909053,18.845705,5.9637814,4,image_9931.png
5.5192423,-7.135771,2.152824,3,image_9932.png
-9.756703,16.74403,4.971849,9,image_9933.png
26.4195,-16.74259,2.3797433,0,image_9934.png
-1.5552299,-4.8593144,2.5996466,8,image_9935.png
5.8289037,0.89254856,-13.187965,8,image_9936.png
1.6250274,-4.3355174,2.3877227,8,image_9937.png
-4.70499,11.7816305,-1.9845624,9,image_9938.png
-5.0044727,-13.194246,15.819303,2,image_9939.png
-11.320245,13.547777,3.1901183,4,image_9940.png
-6.0031705,18.650537,4.1827106,9,image_9941.png
-17.225946,-5.463688,-15.06455,1,image_9942.png
26.15798,3.7672331,3.2334847,6,image_9943.png
-4.3016987,-6.230445,-6.845632,8,image_9944.png
6.9813643,-0.97812986,9.011086,5,image_9945.png
19.73402,6.5893207,1.3191389,6,image_9946.png
3.6436923,1.4757391,13.740373,5,image_9947.png
-3.5106256,5.64613,-5.200115,8,image_9948.png
-12.167367,18.229338,8.778624,9,image_9949.png
2.4312868,14.6011305,-5.7646613,9,image_9950.png
4.4834113,2.820004,14.649361,5,image_9951.png
12.572129,-0.34696472,1.0022981,8,image_9952.png
2.1714253,-19.72256,-9.922065,3,image_9953.png
-15.582379,9.2969,1.639552,7,image_9954.png
-21.670467,15.740167,2.0322318,7,image_9955.png
1.3050442,-3.3426797,-12.912536,8,image_9956.png
0.79097444,15.102803,13.311847,4,image_9957.png
11.83402,-0.12270278,-9.421129,5,image_9958.png
1.7919736,-22.413343,-4.6596045,3,image_9959.png
-22.850273,-4.4977784,-11.294408,1,image_9960.png
21.521324,3.7689831,8.665997,6,image_9961.png
-12.146921,-24.272171,9.225259,2,image_9962.png
16.239672,-16.16388,12.785097,0,image_9963.png
-1.0945817,-18.135561,7.6485763,2,image_9964.png
21.03094,-17.036865,12.7795315,0,image_9965.png
18.304815,-19.71319,9.037092,0,image_9966.png
26.09213,2.2778544,6.2953167,6,image_9967.png
0.4118931,19.96868,-6.35236,9,image_9968.png
-12.240927,14.602192,7.135102,9,image_9969.png
-7.926423,0.14350912,-5.6643734,8,image_9970.png
22.290255,-17.567194,12.246645,0,image_9971.png
-12.689513,-13.010586,2.8193824,2,image_9972.png
-22.4324,-1.8303295,7.1300163,1,image_9973.png
6.1860576,-5.8679676,-11.559997,3,image_9974.png
-19.696451,-6.1032486,5.797522,1,image_9975.png
-2.8522384,17.666128,12.437916,4,image_9976.png
0.90345955,-20.823175,-8.610159,3,image_9977.png
8.284483,-11.5391,5.60101,0,image_9978.png
-9.437909,-9.028452,15.452764,2,image_9979.png
12.29089,18.048286,-4.193534,4,image_9980.png
-20.822035,-7.4563704,6.4213285,1,image_9981.png
-4.3126526,-2.8107696,-9.764126,8,image_9982.png
21.358063,-16.363123,12.632953,0,image_9983.png
11.010837,20.571344,-3.255206,4,image_9984.png
18.651325,-13.662406,12.005676,0,image_9985.png
27.64407,-15.074653,1.3991213,0,image_9986.png
-24.522312,-7.5347137,-4.533205,1,image_9987.png
-16.497103,11.541685,-6.5266714,7,image_9988.png
-5.5934124,-16.192614,18.733831,2,image_9989.png
-18.277243,9.776586,6.18987,7,image_9990.png
5.1317363,-14.109395,-5.9300632,3,image_9991.png
-17.823603,19.457031,-10.044246,7,image_9992.png
-1.3406615,14.451508,6.2833395,4,image_9993.png
26.236952,-15.998605,-1.5982264,0,image_9994.png
5.2792163,-1.7882675,2.8702984,5,image_9995.png
-0.88226825,4.212952,-7.2637854,8,image_9996.png
19.262783,3.1654167,11.883371,6,image_9997.png
-2.1702187,15.825023,-4.813311,9,image_9998.png
-18.107845,13.9169855,5.374967,7,image_9999.png
